Workbook

Sheet Sheet1
A1: Partido | B1: Q15_1 | C1: Q15_X | D1: Q15_2 | E1: LAE_1 | F1: LAE_X | G1: LAE_2 | H1: APU_1 | I1: APU_X | J1: APU_2 | K1: MEDIA_1 | L1: MEDIA_X | M1: MEDIA_2 | N1: N_1 | O1: N_X | P1: N_2 | Q1: 32 | R1: unos | S1: equises | T1: doses
A2: 1 | B2: 50 | C2: 28 | D2: 22 | E2: 50 | F2: 28 | G2: 22 | H2: 52 | I2: 27 | J2: 21 | K2: =AVERAGE(B2,E2,H2) -> 50.666667 | L2: =AVERAGE(C2,F2,I2) -> 27.666667 | M2: =AVERAGE(D2,G2,J2) -> 21.666667 | N2: =ROUND($Q$1*K2/SUM($K2:$M2),0) -> 16 | O2: =ROUND($Q$1*L2/SUM($K2:$M2),0) -> 9 | P2: =ROUND($Q$1*M2/SUM($K2:$M2),0) -> 7 | Q2: =N2+O2+P2 -> 32 | R2: 16 | S2: 9 | T2: 7 | U2: =R2+S2+T2 -> 32 | V2: =K2/R2 -> 3.1666667 | W2: =L2/S2 -> 3.0740741 | X2: =M2/T2 -> 3.0952381 | Y2: =AVERAGE(V2:X2) -> 3.1119929
A3: 2 | B3: 33 | C3: 46 | D3: 21 | E3: 30 | F3: 19 | G3: 51 | H3: 48 | I3: 27 | J3: 24 | K3: =AVERAGE(B3,E3,H3) -> 37 | L3: =AVERAGE(C3,F3,I3) -> 30.666667 | M3: =AVERAGE(D3,G3,J3) -> 32 | N3: =ROUND($Q$1*K3/SUM($K3:$M3),0) -> 12 | O3: =ROUND($Q$1*L3/SUM($K3:$M3),0) -> 10 | P3: =ROUND($Q$1*M3/SUM($K3:$M3),0) -> 10 | Q3: =N3+O3+P3 -> 32 | R3: 12 | S3: 10 | T3: 10 | U3: =R3+S3+T3 -> 32 | V3: =K3/R3 -> 3.0833333 | W3: =L3/S3 -> 3.0666667 | X3: =M3/T3 -> 3.2 | Y3: =AVERAGE(V3:X3) -> 3.1166667
A4: 3 | B4: 15 | C4: 39 | D4: 46 | E4: 33 | F4: 23 | G4: 44 | H4: 29 | I4: 31 | J4: 40 | K4: =AVERAGE(B4,E4,H4) -> 25.666667 | L4: =AVERAGE(C4,F4,I4) -> 31 | M4: =AVERAGE(D4,G4,J4) -> 43.333333 | N4: =ROUND($Q$1*K4/SUM($K4:$M4),0) -> 8 | O4: =ROUND($Q$1*L4/SUM($K4:$M4),0) -> 10 | P4: =ROUND($Q$1*M4/SUM($K4:$M4),0) -> 14 | Q4: =N4+O4+P4 -> 32 | R4: 8 | S4: 10 | T4: 14 | U4: =R4+S4+T4 -> 32 | V4: =K4/R4 -> 3.2083333 | W4: =L4/S4 -> 3.1 | X4: =M4/T4 -> 3.0952381 | Y4: =AVERAGE(V4:X4) -> 3.1345238
A5: 4 | B5: 63 | C5: 17 | D5: 20 | E5: 48 | F5: 28 | G5: 24 | H5: 81 | I5: 14 | J5: 5 | K5: =AVERAGE(B5,E5,H5) -> 64 | L5: =AVERAGE(C5,F5,I5) -> 19.666667 | M5: =AVERAGE(D5,G5,J5) -> 16.333333 | N5: =ROUND($Q$1*K5/SUM($K5:$M5),0) -> 20 | O5: =ROUND($Q$1*L5/SUM($K5:$M5),0) -> 6 | P5: =ROUND($Q$1*M5/SUM($K5:$M5),0) -> 5 | Q5: =N5+O5+P5 -> 31 | R5: 20 | S5: 7 | T5: 5 | U5: =R5+S5+T5 -> 32 | V5: =K5/R5 -> 3.2 | W5: =L5/S5 -> 2.8095238 | X5: =M5/T5 -> 3.2666667 | Y5: =AVERAGE(V5:X5) -> 3.0920635
A6: 5 | B6: 55 | C6: 29 | D6: 16 | E6: 33 | F6: 22 | G6: 45 | H6: 62 | I6: 25 | J6: 13 | K6: =AVERAGE(B6,E6,H6) -> 50 | L6: =AVERAGE(C6,F6,I6) -> 25.333333 | M6: =AVERAGE(D6,G6,J6) -> 24.666667 | N6: =ROUND($Q$1*K6/SUM($K6:$M6),0) -> 16 | O6: =ROUND($Q$1*L6/SUM($K6:$M6),0) -> 8 | P6: =ROUND($Q$1*M6/SUM($K6:$M6),0) -> 8 | Q6: =N6+O6+P6 -> 32 | R6: 16 | S6: 8 | T6: 8 | U6: =R6+S6+T6 -> 32 | V6: =K6/R6 -> 3.125 | W6: =L6/S6 -> 3.1666667 | X6: =M6/T6 -> 3.0833333 | Y6: =AVERAGE(V6:X6) -> 3.125
A7: 6 | B7: 52 | C7: 26 | D7: 22 | E7: 58 | F7: 23 | G7: 19 | H7: 42 | I7: 28 | J7: 31 | K7: =AVERAGE(B7,E7,H7) -> 50.666667 | L7: =AVERAGE(C7,F7,I7) -> 25.666667 | M7: =AVERAGE(D7,G7,J7) -> 24 | N7: =ROUND($Q$1*K7/SUM($K7:$M7),0) -> 16 | O7: =ROUND($Q$1*L7/SUM($K7:$M7),0) -> 8 | P7: =ROUND($Q$1*M7/SUM($K7:$M7),0) -> 8 | Q7: =N7+O7+P7 -> 32 | R7: 16 | S7: 8 | T7: 8 | U7: =R7+S7+T7 -> 32 | V7: =K7/R7 -> 3.1666667 | W7: =L7/S7 -> 3.2083333 | X7: =M7/T7 -> 3 | Y7: =AVERAGE(V7:X7) -> 3.125
A8: 7 | B8: 41 | C8: 36 | D8: 23 | E8: 47 | F8: 29 | G8: 24 | H8: 57 | I8: 24 | J8: 19 | K8: =AVERAGE(B8,E8,H8) -> 48.333333 | L8: =AVERAGE(C8,F8,I8) -> 29.666667 | M8: =AVERAGE(D8,G8,J8) -> 22 | N8: =ROUND($Q$1*K8/SUM($K8:$M8),0) -> 15 | O8: =ROUND($Q$1*L8/SUM($K8:$M8),0) -> 9 | P8: =ROUND($Q$1*M8/SUM($K8:$M8),0) -> 7 | Q8: =N8+O8+P8 -> 31 | R8: 15 | S8: 10 | T8: 7 | U8: =R8+S8+T8 -> 32 | V8: =K8/R8 -> 3.2222222 | W8: =L8/S8 -> 2.9666667 | X8: =M8/T8 -> 3.1428571 | Y8: =AVERAGE(V8:X8) -> 3.110582
A9: 8 | B9: 18 | C9: 18 | D9: 65 | E9: 51 | F9: 24 | G9: 25 | H9: 28 | I9: 26 | J9: 46 | K9: =AVERAGE(B9,E9,H9) -> 32.333333 | L9: =AVERAGE(C9,F9,I9) -> 22.666667 | M9: =AVERAGE(D9,G9,J9) -> 45.333333 | N9: =ROUND($Q$1*K9/SUM($K9:$M9),0) -> 10 | O9: =ROUND($Q$1*L9/SUM($K9:$M9),0) -> 7 | P9: =ROUND($Q$1*M9/SUM($K9:$M9),0) -> 14 | Q9: =N9+O9+P9 -> 31 | R9: 10 | S9: 8 | T9: 14 | U9: =R9+S9+T9 -> 32 | V9: =K9/R9 -> 3.2333333 | W9: =L9/S9 -> 2.8333333 | X9: =M9/T9 -> 3.2380952 | Y9: =AVERAGE(V9:X9) -> 3.1015873
A10: 9 | B10: 64 | C10: 18 | D10: 18 | E10: 33 | F10: 20 | G10: 47 | H10: 71 | I10: 19 | J10: 10 | K10: =AVERAGE(B10,E10,H10) -> 56 | L10: =AVERAGE(C10,F10,I10) -> 19 | M10: =AVERAGE(D10,G10,J10) -> 25 | N10: =ROUND($Q$1*K10/SUM($K10:$M10),0) -> 18 | O10: =ROUND($Q$1*L10/SUM($K10:$M10),0) -> 6 | P10: =ROUND($Q$1*M10/SUM($K10:$M10),0) -> 8 | Q10: =N10+O10+P10 -> 32 | R10: 18 | S10: 6 | T10: 8 | U10: =R10+S10+T10 -> 32 | V10: =K10/R10 -> 3.1111111 | W10: =L10/S10 -> 3.1666667 | X10: =M10/T10 -> 3.125 | Y10: =AVERAGE(V10:X10) -> 3.1342593
A11: 10 | B11: 36 | C11: 39 | D11: 25 | E11: 29 | F11: 18 | G11: 53 | H11: 56 | I11: 24 | J11: 20 | K11: =AVERAGE(B11,E11,H11) -> 40.333333 | L11: =AVERAGE(C11,F11,I11) -> 27 | M11: =AVERAGE(D11,G11,J11) -> 32.666667 | N11: =ROUND($Q$1*K11/SUM($K11:$M11),0) -> 13 | O11: =ROUND($Q$1*L11/SUM($K11:$M11),0) -> 9 | P11: =ROUND($Q$1*M11/SUM($K11:$M11),0) -> 10 | Q11: =N11+O11+P11 -> 32 | R11: 13 | S11: 9 | T11: 10 | U11: =R11+S11+T11 -> 32 | V11: =K11/R11 -> 3.1025641 | W11: =L11/S11 -> 3 | X11: =M11/T11 -> 3.2666667 | Y11: =AVERAGE(V11:X11) -> 3.1230769
A12: 11 | B12: 28 | C12: 49 | D12: 23 | E12: 50 | F12: 27 | G12: 23 | H12: 35 | I12: 27 | J12: 37 | K12: =AVERAGE(B12,E12,H12) -> 37.666667 | L12: =AVERAGE(C12,F12,I12) -> 34.333333 | M12: =AVERAGE(D12,G12,J12) -> 27.666667 | N12: =ROUND($Q$1*K12/SUM($K12:$M12),0) -> 12 | O12: =ROUND($Q$1*L12/SUM($K12:$M12),0) -> 11 | P12: =ROUND($Q$1*M12/SUM($K12:$M12),0) -> 9 | Q12: =N12+O12+P12 -> 32 | R12: 12 | S12: 11 | T12: 9 | U12: =R12+S12+T12 -> 32 | V12: =K12/R12 -> 3.1388889 | W12: =L12/S12 -> 3.1212121 | X12: =M12/T12 -> 3.0740741 | Y12: =AVERAGE(V12:X12) -> 3.1113917
A13: 12 | B13: 20 | C13: 37 | D13: 43 | E13: 28 | F13: 27 | G13: 45 | H13: 30 | I13: 26 | J13: 43 | K13: =AVERAGE(B13,E13,H13) -> 26 | L13: =AVERAGE(C13,F13,I13) -> 30 | M13: =AVERAGE(D13,G13,J13) -> 43.666667 | N13: =ROUND($Q$1*K13/SUM($K13:$M13),0) -> 8 | O13: =ROUND($Q$1*L13/SUM($K13:$M13),0) -> 10 | P13: =ROUND($Q$1*M13/SUM($K13:$M13),0) -> 14 | Q13: =N13+O13+P13 -> 32 | R13: 8 | S13: 10 | T13: 14 | U13: =R13+S13+T13 -> 32 | V13: =K13/R13 -> 3.25 | W13: =L13/S13 -> 3 | X13: =M13/T13 -> 3.1190476 | Y13: =AVERAGE(V13:X13) -> 3.1230159
... A15: 14 | B15: 69 | C15: 17 | D15: 14 | E15: 31 | F15: 17 | G15: 52 | H15: 62 | I15: 21 | J15: 17 | K15: =AVERAGE(B15,E15,H15) -> 54 | L15: =AVERAGE(C15,F15,I15) -> 18.333333 | M15: =AVERAGE(D15,G15,J15) -> 27.666667 | N15: =ROUND($Q$1*K15/SUM($K15:$M15),0) -> 17 | O15: =ROUND($Q$1*L15/SUM($K15:$M15),0) -> 6 | P15: =ROUND($Q$1*M15/SUM($K15:$M15),0) -> 9 | Q15: =N15+O15+P15 -> 32 | R15: 17 | S15: 6 | T15: 9 | U15: =R15+S15+T15 -> 32 | V15: =K15/R15 -> 3.1764706 | W15: =L15/S15 -> 3.0555556 | X15: =M15/T15 -> 3.0740741 | Y15: =AVERAGE(V15:X15) -> 3.1020334
A18: {'1': | B18: , 'X': | C18: , '2': | D18: }, | K18: Ap base | L18: =CONCATENATE("['",L19,"','",L20,"','",L21,"','",L22,"','",L23,"','",L24,"','",L25,"','",L26,"','",L27,"','",L28,"','",L29,"','",L30,"','",L31,"','",L32,"']") -> ['1','1','2','1','1','1','1','2','1','1','1','2','1','1'] | Q18: =Q$1 -> 32 | R18: =Q18*100/Q$1 -> 100
A19: 1 | B19: =CONCATENATE(A$18,R2,B$18,S2,C$18,T2,D$18) -> {'1':16, 'X':9, '2':7}, | K19: 1 | L19: =IF(K2=MAX(K2:M2),1,IF(L2=MAX(K2:M2),"X",IF(M2=MAX(K2:M2),2))) -> 1 | Q19: =Q$1-1 -> 31 | R19: =Q19*100/Q$1 -> 96.875
A20: 2 | B20: =CONCATENATE(A$18,R3,B$18,S3,C$18,T3,D$18) -> {'1':12, 'X':10, '2':10}, | K20: 2 | L20: =IF(K3=MAX(K3:M3),1,IF(L3=MAX(K3:M3),"X",IF(M3=MAX(K3:M3),2))) -> 1 | Q20: =Q$1-2 -> 30 | R20: =Q20*100/Q$1 -> 93.75
A21: 3 | B21: =CONCATENATE(A$18,R4,B$18,S4,C$18,T4,D$18) -> {'1':8, 'X':10, '2':14}, | K21: 3 | L21: =IF(K4=MAX(K4:M4),1,IF(L4=MAX(K4:M4),"X",IF(M4=MAX(K4:M4),2))) -> 2 | Q21: =Q$1-3 -> 29 | R21: =Q21*100/Q$1 -> 90.625
A22: 4 | B22: =CONCATENATE(A$18,R5,B$18,S5,C$18,T5,D$18) -> {'1':20, 'X':7, '2':5}, | K22: 4 | L22: =IF(K5=MAX(K5:M5),1,IF(L5=MAX(K5:M5),"X",IF(M5=MAX(K5:M5),2))) -> 1 | Q22: =Q$1-4 -> 28 | R22: =Q22*100/Q$1 -> 87.5
A23: 5 | B23: =CONCATENATE(A$18,R6,B$18,S6,C$18,T6,D$18) -> {'1':16, 'X':8, '2':8}, | K23: 5 | L23: =IF(K6=MAX(K6:M6),1,IF(L6=MAX(K6:M6),"X",IF(M6=MAX(K6:M6),2))) -> 1 | Q23: =Q$1-5 -> 27 | R23: =Q23*100/Q$1 -> 84.375
A24: 6 | B24: =CONCATENATE(A$18,R7,B$18,S7,C$18,T7,D$18) -> {'1':16, 'X':8, '2':8}, | K24: 6 | L24: =IF(K7=MAX(K7:M7),1,IF(L7=MAX(K7:M7),"X",IF(M7=MAX(K7:M7),2))) -> 1 | Q24: =Q$1-6 -> 26 | R24: =Q24*100/Q$1 -> 81.25
A25: 7 | B25: =CONCATENATE(A$18,R8,B$18,S8,C$18,T8,D$18) -> {'1':15, 'X':10, '2':7}, | K25: 7 | L25: =IF(K8=MAX(K8:M8),1,IF(L8=MAX(K8:M8),"X",IF(M8=MAX(K8:M8),2))) -> 1 | Q25: =Q$1-7 -> 25 | R25: =Q25*100/Q$1 -> 78.125
A26: 8 | B26: =CONCATENATE(A$18,R9,B$18,S9,C$18,T9,D$18) -> {'1':10, 'X':8, '2':14}, | K26: 8 | L26: =IF(K9=MAX(K9:M9),1,IF(L9=MAX(K9:M9),"X",IF(M9=MAX(K9:M9),2))) -> 2 | Q26: =Q$1-8 -> 24 | R26: =Q26*100/Q$1 -> 75
A27: 9 | B27: =CONCATENATE(A$18,R10,B$18,S10,C$18,T10,D$18) -> {'1':18, 'X':6, '2':8}, | K27: 9 | L27: =IF(K10=MAX(K10:M10),1,IF(L10=MAX(K10:M10),"X",IF(M10=MAX(K10:M10),2))) -> 1 | Q27: =Q$1-9 -> 23 | R27: =Q27*100/Q$1 -> 71.875
A28: 10 | B28: =CONCATENATE(A$18,R11,B$18,S11,C$18,T11,D$18) -> {'1':13, 'X':9, '2':10}, | K28: 10 | L28: =IF(K11=MAX(K11:M11),1,IF(L11=MAX(K11:M11),"X",IF(M11=MAX(K11:M11),2))) -> 1 | Q28: =Q$1-10 -> 22 | R28: =Q28*100/Q$1 -> 68.75
A29: 11 | B29: =CONCATENATE(A$18,R12,B$18,S12,C$18,T12,D$18) -> {'1':12, 'X':11, '2':9}, | K29: 11 | L29: =IF(K12=MAX(K12:M12),1,IF(L12=MAX(K12:M12),"X",IF(M12=MAX(K12:M12),2))) -> 1 | Q29: =Q$1-11 -> 21 | R29: =Q29*100/Q$1 -> 65.625
A30: 12 | B30: =CONCATENATE(A$18,R13,B$18,S13,C$18,T13,D$18) -> {'1':8, 'X':10, '2':14}, | K30: 12 | L30: =IF(K13=MAX(K13:M13),1,IF(L13=MAX(K13:M13),"X",IF(M13=MAX(K13:M13),2))) -> 2 | Q30: =Q$1-12 -> 20 | R30: =Q30*100/Q$1 -> 62.5
A31: 13 | B31: =CONCATENATE(A$18,R14,B$18,S14,C$18,T14,D$18) -> {'1':12, 'X':9, '2':11}, | K31: 13 | L31: =IF(K14=MAX(K14:M14),1,IF(L14=MAX(K14:M14),"X",IF(M14=MAX(K14:M14),2))) -> 1 | Q31: =Q$1-13 -> 19 | R31: =Q31*100/Q$1 -> 59.375
A32: 14 | B32: =CONCATENATE(A$18,R15,B$18,S15,C$18,T15,D$18) -> {'1':17, 'X':6, '2':9}, | K32: 14 | L32: =IF(K15=MAX(K15:M15),1,IF(L15=MAX(K15:M15),"X",IF(M15=MAX(K15:M15),2))) -> 1 | Q32: =Q$1-14 -> 18 | R32: =Q32*100/Q$1 -> 56.25
Q33: =Q$1-15 -> 17 | R33: =Q33*100/Q$1 -> 53.125
Q34: =Q$1-16 -> 16 | R34: =Q34*100/Q$1 -> 50
Q35: =Q$1-17 -> 15 | R35: =Q35*100/Q$1 -> 46.875
Q36: =Q$1-18 -> 14 | R36: =Q36*100/Q$1 -> 43.75
Q37: =Q$1-18 -> 14 | R37: =Q37*100/Q$1 -> 43.75
Q38: =Q$1-19 -> 13 | R38: =Q38*100/Q$1 -> 40.625
Q39: =Q$1-20 -> 12 | R39: =Q39*100/Q$1 -> 37.5
Q40: =Q$1-21 -> 11 | R40: =Q40*100/Q$1 -> 34.375
Q41: =Q$1-22 -> 10 | R41: =Q41*100/Q$1 -> 31.25
Q42: =Q$1-23 -> 9 | R42: =Q42*100/Q$1 -> 28.125
Q43: =Q$1-24 -> 8 | R43: =Q43*100/Q$1 -> 25
Q44: =Q$1-25 -> 7 | R44: =Q44*100/Q$1 -> 21.875
Q45: =Q$1-26 -> 6 | R45: =Q45*100/Q$1 -> 18.75
Q46: =Q$1-27 -> 5 | R46: =Q46*100/Q$1 -> 15.625
Q47: =Q$1-28 -> 4 | R47: =Q47*100/Q$1 -> 12.5
Q48: =Q$1-29 -> 3 | R48: =Q48*100/Q$1 -> 9.375
Q49: =Q$1-30 -> 2 | R49: =Q49*100/Q$1 -> 6.25
Q50: =Q$1-31 -> 1 | R50: =Q50*100/Q$1 -> 3.125

Sheet Hoja1
B1: 1 | C1: 2 | D1: 3 | E1: 4 | F1: 5 | G1: 6 | H1: 7 | I1: 8 | J1: 9 | K1: 10 | L1: 11 | M1: 12 | N1: 13 | O1: 14 | P1: 15 | Q1: 16
A2: 1 | B2: ['2' | C2: ['1' | D2: ['1' | E2: ['2' | F2: ['X' | G2: ['1' | H2: ['2' | I2: ['1' | J2: ['1' | K2: ['X' | L2: ['1' | M2: ['1' | N2: ['2' | O2: ['X' | P2: ['X' | Q2: ['1'
A3: 2 | B3: 'X' | C3: '1' | D3: '1' | E3: '2' | F3: '1' | G3: 'X' | H3: '1' | I3: 'X' | J3: '1' | K3: 'X' | L3: '1' | M3: '2' | N3: '1' | O3: '2' | P3: '1' | Q3: '1'
A4: 3 | B4: '1' | C4: '1' | D4: 'X' | E4: '1' | F4: '2' | G4: '2' | H4: '2' | I4: '1' | J4: '1' | K4: '1' | L4: 'X' | M4: '2' | N4: 'X' | O4: '1' | P4: '2' | Q4: 'X'
A5: 4 | B5: '2' | C5: '1' | D5: '1' | E5: '2' | F5: '1' | G5: '2' | H5: '1' | I5: '2' | J5: 'X' | K5: '1' | L5: 'X' | M5: '1' | N5: '1' | O5: 'X' | P5: '2' | Q5: 'X'
A6: 5 | B6: '1' | C6: '2' | D6: 'X' | E6: '1' | F6: '1' | G6: '2' | H6: '1' | I6: '2' | J6: 'X' | K6: '1' | L6: 'X' | M6: '1' | N6: 'X' | O6: '1' | P6: '2' | Q6: 'X'
A7: 6 | B7: '1' | C7: '2' | D7: '2' | E7: '1' | F7: '1' | G7: 'X' | H7: '1' | I7: '1' | J7: '2' | K7: 'X' | L7: 'X' | M7: '1' | N7: '1' | O7: '1' | P7: '1' | Q7: '1'
A8: 7 | B8: '1' | C8: 'X' | D8: '1' | E8: 'X' | F8: '2' | G8: '1' | H8: '1' | I8: '1' | J8: 'X' | K8: '2' | L8: '1' | M8: '2' | N8: '1' | O8: '1' | P8: '1' | Q8: 'X'
A9: 8 | B9: 'X' | C9: '1' | D9: '1' | E9: '2' | F9: '1' | G9: 'X' | H9: '2' | I9: '1' | J9: '2' | K9: '1' | L9: '1' | M9: 'X' | N9: '1' | O9: 'X' | P9: '1' | Q9: '1'
A10: 9 | B10: '1' | C10: '2' | D10: 'X' | E10: '1' | F10: 'X' | G10: '1' | H10: '1' | I10: 'X' | J10: '2' | K10: '1' | L10: '1' | M10: '2' | N10: '1' | O10: 'X' | P10: '2' | Q10: '2'
A11: 10 | B11: '2' | C11: '1' | D11: 'X' | E11: '2' | F11: '2' | G11: '2' | H11: '1' | I11: '1' | J11: '2' | K11: 'X' | L11: '2' | M11: 'X' | N11: 'X' | O11: '1' | P11: '2' | Q11: '2'
A12: 11 | B12: 'X' | C12: '1' | D12: 'X' | E12: '1' | F12: '2' | G12: '1' | H12: '2' | I12: '1' | J12: '1' | K12: '1' | L12: 'X' | M12: '1' | N12: 'X' | O12: '1' | P12: '2' | Q12: '2'
A13: 12 | B13: '2' | C13: '1' | D13: 'X' | E13: '1' | F13: '1' | G13: 'X' | H13: 'X' | I13: '1' | J13: '1' | K13: '2' | L13: 'X' | M13: '1' | N13: '1' | O13: '2' | P13: '1' | Q13: '1'
... A15: 14 | B15: '1'] | C15: '2'] | D15: '1'] | E15: '1'] | F15: '2'] | G15: '1'] | H15: 'X'] | I15: '2'] | J15: 'X'] | K15: '1'] | L15: '1'] | M15: 'X'] | N15: '1'] | O15: '1'] | P15: '1'] | Q15: '1']
B16: 1 | C16: 5
B17: 2 | C17: 6
B18: 4 | C18: 7
B19: 8 | C19: 9
B20: 11 | C20: 10
B21: 12
B22: 13

Sheet AP8
B1: 1 | C1: 2 | D1: 3 | E1: 4 | F1: 5 | G1: 6 | H1: 7 | I1: 8 | J1: 9 | K1: 10 | L1: 11 | M1: 12 | N1: 13 | O1: 14 | P1: Num1 | Q1: NumX | R1: Num2 | S1: T | T1: DC9 | U1: DC8 | V1: DC7 | W1: DC6 | X1: DC5 | Y1: DC4 | Z1: DC3 | AA1: =800/8 -> 100 | AB1: 8
B2: 'X' | C2: '1' | D2: 'X' | E2: '2' | F2: '2' | G2: 'X' | H2: '1' | I2: '1' | J2: '1' | K2: '1' | L2: '1' | M2: '1' | N2: '2' | O2: 'X' | P2: =COUNTIF(B2:O2,A$10) -> 7 | Q2: =COUNTIF(B2:O2,A$11) -> 4 | R2: =COUNTIF(B2:O2,A$12) -> 3 | S2: =SUM(P2:R2) -> 14 | T2: =SUMPRODUCT(--(B2:O2=B$9:O$9)) -> 8 | U2: =SUMPRODUCT(--(B2:O2=B$8:O$8)) -> 8 | V2: =SUMPRODUCT(--(B2:O2=B$7:O$7)) -> 8 | W2: =SUMPRODUCT(--(B2:O2=B$6:O$6)) -> 8 | X2: =SUMPRODUCT(--(B2:O2=B$5:O$5)) -> 8 | Y2: =SUMPRODUCT(--(B2:O2=B$4:O$4)) -> 8 | Z2: =SUMPRODUCT(--(B2:O2=B$3:O$3)) -> 8 | AA2: =700/8 -> 87.5 | AB2: 7
B3: '1' | C3: '1' | D3: '1' | E3: 'X' | F3: '1' | G3: '2' | H3: '1' | I3: '1' | J3: '1' | K3: '1' | L3: '2' | M3: '1' | N3: '2' | O3: 'X' | P3: =COUNTIF(B3:O3,A$10) -> 9 | Q3: =COUNTIF(B3:O3,A$11) -> 2 | R3: =COUNTIF(B3:O3,A$12) -> 3 | S3: =SUM(P3:R3) -> 14 | T3: =SUMPRODUCT(--(B3:O3=B$9:O$9)) -> 8 | U3: =SUMPRODUCT(--(B3:O3=B$8:O$8)) -> 8 | V3: =SUMPRODUCT(--(B3:O3=B$7:O$7)) -> 8 | W3: =SUMPRODUCT(--(B3:O3=B$6:O$6)) -> 8 | X3: =SUMPRODUCT(--(B3:O3=B$5:O$5)) -> 8 | Y3: =SUMPRODUCT(--(B3:O3=B$4:O$4)) -> 8 | AA3: =600/8 -> 75 | AB3: 6
B4: '1' | C4: '1' | D4: '2' | E4: '1' | F4: '2' | G4: 'X' | H4: 'X' | I4: '1' | J4: '1' | K4: '1' | L4: '2' | M4: 'X' | N4: '2' | O4: 'X' | P4: =COUNTIF(B4:O4,A$10) -> 6 | Q4: =COUNTIF(B4:O4,A$11) -> 4 | R4: =COUNTIF(B4:O4,A$12) -> 4 | S4: =SUM(P4:R4) -> 14 | T4: =SUMPRODUCT(--(B4:O4=B$9:O$9)) -> 8 | U4: =SUMPRODUCT(--(B4:O4=B$8:O$8)) -> 8 | V4: =SUMPRODUCT(--(B4:O4=B$7:O$7)) -> 8 | W4: =SUMPRODUCT(--(B4:O4=B$6:O$6)) -> 8 | X4: =SUMPRODUCT(--(B4:O4=B$5:O$5)) -> 8 | AA4: =500/8 -> 62.5 | AB4: 5
B5: '2' | C5: '1' | D5: '1' | E5: '2' | F5: '2' | G5: '1' | H5: 'X' | I5: '1' | J5: '1' | K5: '1' | L5: '2' | M5: '1' | N5: 'X' | O5: 'X' | P5: =COUNTIF(B5:O5,A$10) -> 7 | Q5: =COUNTIF(B5:O5,A$11) -> 3 | R5: =COUNTIF(B5:O5,A$12) -> 4 | S5: =SUM(P5:R5) -> 14 | T5: =SUMPRODUCT(--(B5:O5=B$9:O$9)) -> 8 | U5: =SUMPRODUCT(--(B5:O5=B$8:O$8)) -> 8 | V5: =SUMPRODUCT(--(B5:O5=B$7:O$7)) -> 8 | W5: =SUMPRODUCT(--(B5:O5=B$6:O$6)) -> 8 | AA5: =400/8 -> 50 | AB5: 4
B6: 'X' | C6: '1' | D6: '2' | E6: 'X' | F6: '2' | G6: '1' | H6: '2' | I6: '1' | J6: '1' | K6: 'X' | L6: '2' | M6: '1' | N6: '2' | O6: 'X' | P6: =COUNTIF(B6:O6,A$10) -> 5 | Q6: =COUNTIF(B6:O6,A$11) -> 4 | R6: =COUNTIF(B6:O6,A$12) -> 5 | S6: =SUM(P6:R6) -> 14 | T6: =SUMPRODUCT(--(B6:O6=B$9:O$9)) -> 8 | U6: =SUMPRODUCT(--(B6:O6=B$8:O$8)) -> 8 | V6: =SUMPRODUCT(--(B6:O6=B$7:O$7)) -> 8 | AA6: =300/8 -> 37.5 | AB6: 3
B7: '1' | C7: '1' | D7: '2' | E7: '2' | F7: '1' | G7: '1' | H7: 'X' | I7: '1' | J7: '1' | K7: '2' | L7: '1' | M7: '1' | N7: '2' | O7: 'X' | P7: =COUNTIF(B7:O7,A$10) -> 8 | Q7: =COUNTIF(B7:O7,A$11) -> 2 | R7: =COUNTIF(B7:O7,A$12) -> 4 | S7: =SUM(P7:R7) -> 14 | T7: =SUMPRODUCT(--(B7:O7=B$9:O$9)) -> 8 | U7: =SUMPRODUCT(--(B7:O7=B$8:O$8)) -> 8 | AA7: =200/8 -> 25 | AB7: 2
B8: '1' | C8: '1' | D8: '1' | E8: '2' | F8: '2' | G8: 'X' | H8: '2' | I8: 'X' | J8: '1' | K8: '2' | L8: '2' | M8: '1' | N8: '2' | O8: 'X' | P8: =COUNTIF(B8:O8,A$10) -> 5 | Q8: =COUNTIF(B8:O8,A$11) -> 3 | R8: =COUNTIF(B8:O8,A$12) -> 6 | S8: =SUM(P8:R8) -> 14 | T8: =SUMPRODUCT(--(B8:O8=B$9:O$9)) -> 8 | AA8: =100/8 -> 12.5 | AB8: 1
B9: '1' | C9: '1' | D9: 'X' | E9: '1' | F9: '2' | G9: '1' | H9: '1' | I9: '1' | J9: '1' | K9: '2' | L9: '2' | M9: '1' | N9: '1' | O9: 'X' | P9: =COUNTIF(B9:O9,A$10) -> 9 | Q9: =COUNTIF(B9:O9,A$11) -> 2 | R9: =COUNTIF(B9:O9,A$12) -> 3 | S9: =SUM(P9:R9) -> 14
A10: '1' | B10: =COUNTIF(B2:B9,$A10) -> 5 | C10: =COUNTIF(C2:C9,$A10) -> 8 | D10: =COUNTIF(D2:D9,$A10) -> 3 | E10: =COUNTIF(E2:E9,$A10) -> 2 | F10: =COUNTIF(F2:F9,$A10) -> 2 | G10: =COUNTIF(G2:G9,$A10) -> 4 | H10: =COUNTIF(H2:H9,$A10) -> 3 | I10: =COUNTIF(I2:I9,$A10) -> 7 | ... O10: =COUNTIF(O2:O9,$A10) -> 0
A11: 'X' | B11: =COUNTIF(B2:B9,$A11) -> 2 | C11: =COUNTIF(C2:C9,$A11) -> 0 | D11: =COUNTIF(D2:D9,$A11) -> 2 | E11: =COUNTIF(E2:E9,$A11) -> 2 | F11: =COUNTIF(F2:F9,$A11) -> 0 | G11: =COUNTIF(G2:G9,$A11) -> 3 | H11: =COUNTIF(H2:H9,$A11) -> 3 | I11: =COUNTIF(I2:I9,$A11) -> 1 | ... O11: =COUNTIF(O2:O9,$A11) -> 8
A12: '2' | B12: =COUNTIF(B2:B9,$A12) -> 1 | C12: =COUNTIF(C2:C9,$A12) -> 0 | D12: =COUNTIF(D2:D9,$A12) -> 3 | E12: =COUNTIF(E2:E9,$A12) -> 4 | F12: =COUNTIF(F2:F9,$A12) -> 6 | G12: =COUNTIF(G2:G9,$A12) -> 1 | H12: =COUNTIF(H2:H9,$A12) -> 2 | I12: =COUNTIF(I2:I9,$A12) -> 0 | ... O12: =COUNTIF(O2:O9,$A12) -> 0
B13: =SUM(B10:B12) -> 8 | C13: =SUM(C10:C12) -> 8 | D13: =SUM(D10:D12) -> 8 | E13: =SUM(E10:E12) -> 8 | F13: =SUM(F10:F12) -> 8 | G13: =SUM(G10:G12) -> 8 | H13: =SUM(H10:H12) -> 8 | I13: =SUM(I10:I12) -> 8 | ... O13: =SUM(O10:O12) -> 8
A14: N1 | B14: 5 | C14: 6 | D14: 3 | E14: 4 | F14: 2 | G14: 6 | H14: 2 | I14: 4 | J14: 4 | K14: 5 | L14: 3 | M14: 6 | N14: 1 | O14: 4
A15: NX | B15: 2 | C15: 1 | D15: 3 | E15: 2 | F15: 2 | G15: 1 | H15: 2 | I15: 2 | J15: 2 | K15: 2 | L15: 3 | M15: 1 | N15: 2 | O15: 2
A16: N2 | B16: 1 | C16: 1 | D16: 2 | E16: 2 | F16: 4 | G16: 1 | H16: 4 | I16: 2 | J16: 2 | K16: 1 | L16: 2 | M16: 1 | N16: 5 | O16: 2
B17: =B10-B14 -> 0 | C17: =C10-C14 -> 2 | D17: =D10-D14 -> 0 | E17: =E10-E14 -> -2 | F17: =F10-F14 -> 0 | G17: =G10-G14 -> -2 | H17: =H10-H14 -> 1 | I17: =I10-I14 -> 3 | ... O17: =O10-O14 -> -4
B18: =B11-B15 -> 0 | C18: =C11-C15 -> -1 | D18: =D11-D15 -> -1 | E18: =E11-E15 -> 0 | F18: =F11-F15 -> -2 | G18: =G11-G15 -> 2 | H18: =H11-H15 -> 1 | I18: =I11-I15 -> -1 | ... O18: =O11-O15 -> 6
B19: =B12-B16 -> 0 | C19: =C12-C16 -> -1 | D19: =D12-D16 -> 1 | E19: =E12-E16 -> 2 | F19: =F12-F16 -> 2 | G19: =G12-G16 -> 0 | H19: =H12-H16 -> -2 | I19: =I12-I16 -> -2 | ... O19: =O12-O16 -> -2

Sheet AP16
B1: 1 | C1: 2 | D1: 3 | E1: 4 | F1: 5 | G1: 6 | H1: 7 | I1: 8 | J1: 9 | K1: 10 | L1: 11 | M1: 12 | N1: 13 | O1: 14 | P1: Num1 | Q1: NumX | R1: Num2 | T1: ICBase | U1: IC16 | V1: IC15 | W1: IC14 | X1: IC13 | Y1: IC12 | Z1: IC11 | AA1: IC10 | AB1: IC9 | AC1: IC8 | AD1: IC7 | AE1: IC6 | AF1: IC5 | AG1: IC4 | AH1: IC3 | AI1: IC2 | AJ1: =1600/16 -> 100 | AK1: 16 | AM1: 1 | AN1: =COUNTIFS(U$2:AI$16,AM1) -> 3
A2: 1 | B2: ['2' | C2: '2' | D2: '2' | E2: 'X' | F2: 'X' | G2: '2' | H2: '1' | I2: '2' | J2: '2' | K2: 'X' | L2: '1' | M2: '2' | N2: '2' | O2: 'X'] | P2: =COUNTIF(B2:O2,A$19)+COUNTIF(B2:O2,A$29)+COUNTIF(B2:O2,A$32) -> 2 | Q2: =COUNTIF(B2:O2,A$20)+COUNTIF(B2:O2,A$30)+COUNTIF(B2:O2,A$33) -> 4 | R2: =COUNTIF(B2:O2,A$21)+COUNTIF(B2:O2,A$31)+COUNTIF(B2:O2,A$34) -> 8 | S2: =SUM(P2:R2) -> 14 | T2: =SUMPRODUCT(--(B2:O2=B$18:O$18)) -> 8 | U2: =SUMPRODUCT(--(B2:O2=B$17:O$17)) -> 5 | V2: =SUMPRODUCT(--(B2:O2=B$16:O$16)) -> 5 | W2: =SUMPRODUCT(--(B2:O2=B$15:O$15)) -> 6 | X2: =SUMPRODUCT(--(B2:O2=B$14:O$14)) -> 3 | Y2: =SUMPRODUCT(--(B2:O2=B$13:O$13)) -> 5 | Z2: =SUMPRODUCT(--(B2:O2=B$12:O$12)) -> 5 | AA2: =SUMPRODUCT(--(B2:O2=B$11:O$11)) -> 6 | AB2: =SUMPRODUCT(--(B2:O2=B$10:O$10)) -> 3 | AC2: =SUMPRODUCT(--(B2:O2=B$9:O$9)) -> 6 | AD2: =SUMPRODUCT(--(B2:O2=B$8:O$8)) -> 6 | AE2: =SUMPRODUCT(--(B2:O2=B$7:O$7)) -> 5 | AF2: =SUMPRODUCT(--(B2:O2=B$6:O$6)) -> 7 | AG2: =SUMPRODUCT(--(B2:O2=B$5:O$5)) -> 6 | AH2: =SUMPRODUCT(--(B2:O2=B$4:O$4)) -> 4 | AI2: =SUMPRODUCT(--(B2:O2=B$3:O$3)) -> 2 | AJ2: =1500/16 -> 93.75 | AK2: 15 | AM2: 2 | AN2: =COUNTIFS(U$2:AI$16,AM2) -> 3
A3: 2 | B3: ['1' | C3: '2' | D3: 'X' | E3: 'X' | F3: '2' | G3: '1' | H3: 'X' | I3: '1' | J3: 'X' | K3: '2' | L3: '2' | M3: 'X' | N3: 'X' | O3: '2'] | P3: =COUNTIF(B3:O3,A$19)+COUNTIF(B3:O3,A$29)+COUNTIF(B3:O3,A$32) -> 3 | Q3: =COUNTIF(B3:O3,A$20)+COUNTIF(B3:O3,A$30)+COUNTIF(B3:O3,A$33) -> 6 | R3: =COUNTIF(B3:O3,A$21)+COUNTIF(B3:O3,A$31)+COUNTIF(B3:O3,A$34) -> 5 | S3: =SUM(P3:R3) -> 14 | T3: =SUMPRODUCT(--(B3:O3=B$18:O$18)) -> 8 | U3: =SUMPRODUCT(--(B3:O3=B$17:O$17)) -> 8 | V3: =SUMPRODUCT(--(B3:O3=B$16:O$16)) -> 7 | W3: =SUMPRODUCT(--(B3:O3=B$15:O$15)) -> 6 | X3: =SUMPRODUCT(--(B3:O3=B$14:O$14)) -> 9 | Y3: =SUMPRODUCT(--(B3:O3=B$13:O$13)) -> 4 | Z3: =SUMPRODUCT(--(B3:O3=B$12:O$12)) -> 5 | AA3: =SUMPRODUCT(--(B3:O3=B$11:O$11)) -> 5 | AB3: =SUMPRODUCT(--(B3:O3=B$10:O$10)) -> 9 | AC3: =SUMPRODUCT(--(B3:O3=B$9:O$9)) -> 4 | AD3: =SUMPRODUCT(--(B3:O3=B$8:O$8)) -> 5 | AE3: =SUMPRODUCT(--(B3:O3=B$7:O$7)) -> 6 | AF3: =SUMPRODUCT(--(B3:O3=B$6:O$6)) -> 3 | AG3: =SUMPRODUCT(--(B3:O3=B$5:O$5)) -> 7 | AH3: =SUMPRODUCT(--(B3:O3=B$4:O$4)) -> 4 | AJ3: =1400/16 -> 87.5 | AK3: 14 | AM3: 3 | AN3: =COUNTIFS(U$2:AI$16,AM3) -> 12
A4: 3 | B4: ['X' | C4: 'X' | D4: '2' | E4: '1' | F4: '1' | G4: '1' | H4: '2' | I4: '1' | J4: '2' | K4: '2' | L4: 'X' | M4: '2' | N4: '2' | O4: '2'] | P4: =COUNTIF(B4:O4,A$19)+COUNTIF(B4:O4,A$29)+COUNTIF(B4:O4,A$32) -> 4 | Q4: =COUNTIF(B4:O4,A$20)+COUNTIF(B4:O4,A$30)+COUNTIF(B4:O4,A$33) -> 3 | R4: =COUNTIF(B4:O4,A$21)+COUNTIF(B4:O4,A$31)+COUNTIF(B4:O4,A$34) -> 7 | S4: =SUM(P4:R4) -> 14 | T4: =SUMPRODUCT(--(B4:O4=B$18:O$18)) -> 8 | U4: =SUMPRODUCT(--(B4:O4=B$17:O$17)) -> 6 | V4: =SUMPRODUCT(--(B4:O4=B$16:O$16)) -> 6 | W4: =SUMPRODUCT(--(B4:O4=B$15:O$15)) -> 9 | X4: =SUMPRODUCT(--(B4:O4=B$14:O$14)) -> 6 | Y4: =SUMPRODUCT(--(B4:O4=B$13:O$13)) -> 5 | Z4: =SUMPRODUCT(--(B4:O4=B$12:O$12)) -> 6 | AA4: =SUMPRODUCT(--(B4:O4=B$11:O$11)) -> 6 | AB4: =SUMPRODUCT(--(B4:O4=B$10:O$10)) -> 7 | AC4: =SUMPRODUCT(--(B4:O4=B$9:O$9)) -> 6 | AD4: =SUMPRODUCT(--(B4:O4=B$8:O$8)) -> 4 | AE4: =SUMPRODUCT(--(B4:O4=B$7:O$7)) -> 7 | AF4: =SUMPRODUCT(--(B4:O4=B$6:O$6)) -> 6 | AG4: =SUMPRODUCT(--(B4:O4=B$5:O$5)) -> 1 | AJ4: =1300/16 -> 81.25 | AK4: 13 | AM4: 4 | AN4: =COUNTIFS(U$2:AI$16,AM4) -> 19
A5: 4 | B5: ['1' | C5: '2' | D5: '1' | E5: 'X' | F5: '2' | G5: '1' | H5: '1' | I5: 'X' | J5: '1' | K5: 'X' | L5: '1' | M5: 'X' | N5: 'X' | O5: 'X'] | P5: =COUNTIF(B5:O5,A$19)+COUNTIF(B5:O5,A$29)+COUNTIF(B5:O5,A$32) -> 6 | Q5: =COUNTIF(B5:O5,A$20)+COUNTIF(B5:O5,A$30)+COUNTIF(B5:O5,A$33) -> 6 | R5: =COUNTIF(B5:O5,A$21)+COUNTIF(B5:O5,A$31)+COUNTIF(B5:O5,A$34) -> 2 | S5: =SUM(P5:R5) -> 14 | T5: =SUMPRODUCT(--(B5:O5=B$18:O$18)) -> 7 | U5: =SUMPRODUCT(--(B5:O5=B$17:O$17)) -> 6 | V5: =SUMPRODUCT(--(B5:O5=B$16:O$16)) -> 5 | W5: =SUMPRODUCT(--(B5:O5=B$15:O$15)) -> 3 | X5: =SUMPRODUCT(--(B5:O5=B$14:O$14)) -> 6 | Y5: =SUMPRODUCT(--(B5:O5=B$13:O$13)) -> 6 | Z5: =SUMPRODUCT(--(B5:O5=B$12:O$12)) -> 5 | AA5: =SUMPRODUCT(--(B5:O5=B$11:O$11)) -> 3 | AB5: =SUMPRODUCT(--(B5:O5=B$10:O$10)) -> 3 | AC5: =SUMPRODUCT(--(B5:O5=B$9:O$9)) -> 4 | AD5: =SUMPRODUCT(--(B5:O5=B$8:O$8)) -> 7 | AE5: =SUMPRODUCT(--(B5:O5=B$7:O$7)) -> 4 | AF5: =SUMPRODUCT(--(B5:O5=B$6:O$6)) -> 5 | AJ5: =1200/16 -> 75 | AK5: 12 | AM5: 5 | AN5: =COUNTIFS(U$2:AI$16,AM5) -> 27
A6: 5 | B6: ['1' | C6: 'X' | D6: '2' | E6: '1' | F6: '2' | G6: 'X' | H6: '1' | I6: '2' | J6: '2' | K6: '2' | L6: '1' | M6: '1' | N6: '2' | O6: 'X'] | P6: =COUNTIF(B6:O6,A$19)+COUNTIF(B6:O6,A$29)+COUNTIF(B6:O6,A$32) -> 5 | Q6: =COUNTIF(B6:O6,A$20)+COUNTIF(B6:O6,A$30)+COUNTIF(B6:O6,A$33) -> 3 | R6: =COUNTIF(B6:O6,A$21)+COUNTIF(B6:O6,A$31)+COUNTIF(B6:O6,A$34) -> 6 | S6: =SUM(P6:R6) -> 14 | T6: =SUMPRODUCT(--(B6:O6=B$18:O$18)) -> 8 | U6: =SUMPRODUCT(--(B6:O6=B$17:O$17)) -> 6 | V6: =SUMPRODUCT(--(B6:O6=B$16:O$16)) -> 6 | W6: =SUMPRODUCT(--(B6:O6=B$15:O$15)) -> 4 | X6: =SUMPRODUCT(--(B6:O6=B$14:O$14)) -> 4 | Y6: =SUMPRODUCT(--(B6:O6=B$13:O$13)) -> 6 | Z6: =SUMPRODUCT(--(B6:O6=B$12:O$12)) -> 8 | AA6: =SUMPRODUCT(--(B6:O6=B$11:O$11)) -> 3 | AB6: =SUMPRODUCT(--(B6:O6=B$10:O$10)) -> 3 | AC6: =SUMPRODUCT(--(B6:O6=B$9:O$9)) -> 4 | AD6: =SUMPRODUCT(--(B6:O6=B$8:O$8)) -> 5 | AE6: =SUMPRODUCT(--(B6:O6=B$7:O$7)) -> 4 | AJ6: =1100/16 -> 68.75 | AK6: 11 | AM6: 6 | AN6: =COUNTIFS(U$2:AI$16,AM6) -> 28
A7: 6 | B7: ['2' | C7: '1' | D7: '2' | E7: '1' | F7: 'X' | G7: '1' | H7: 'X' | I7: '1' | J7: '1' | K7: '2' | L7: '1' | M7: '2' | N7: 'X' | O7: '2'] | P7: =COUNTIF(B7:O7,A$19)+COUNTIF(B7:O7,A$29)+COUNTIF(B7:O7,A$32) -> 6 | Q7: =COUNTIF(B7:O7,A$20)+COUNTIF(B7:O7,A$30)+COUNTIF(B7:O7,A$33) -> 3 | R7: =COUNTIF(B7:O7,A$21)+COUNTIF(B7:O7,A$31)+COUNTIF(B7:O7,A$34) -> 5 | S7: =SUM(P7:R7) -> 14 | T7: =SUMPRODUCT(--(B7:O7=B$18:O$18)) -> 7 | U7: =SUMPRODUCT(--(B7:O7=B$17:O$17)) -> 7 | V7: =SUMPRODUCT(--(B7:O7=B$16:O$16)) -> 4 | W7: =SUMPRODUCT(--(B7:O7=B$15:O$15)) -> 7 | X7: =SUMPRODUCT(--(B7:O7=B$14:O$14)) -> 5 | Y7: =SUMPRODUCT(--(B7:O7=B$13:O$13)) -> 3 | Z7: =SUMPRODUCT(--(B7:O7=B$12:O$12)) -> 5 | AA7: =SUMPRODUCT(--(B7:O7=B$11:O$11)) -> 5 | AB7: =SUMPRODUCT(--(B7:O7=B$10:O$10)) -> 6 | AC7: =SUMPRODUCT(--(B7:O7=B$9:O$9)) -> 5 | AD7: =SUMPRODUCT(--(B7:O7=B$8:O$8)) -> 1 | AJ7: =1000/16 -> 62.5 | AK7: 10 | AM7: 7 | AN7: =COUNTIFS(U$2:AI$16,AM7) -> 14
A8: 7 | B8: ['1' | C8: '2' | D8: '1' | E8: '2' | F8: '2' | G8: '2' | H8: '1' | I8: '1' | J8: '2' | K8: 'X' | L8: 'X' | M8: 'X' | N8: '2' | O8: '1'] | P8: =COUNTIF(B8:O8,A$19)+COUNTIF(B8:O8,A$29)+COUNTIF(B8:O8,A$32) -> 5 | Q8: =COUNTIF(B8:O8,A$20)+COUNTIF(B8:O8,A$30)+COUNTIF(B8:O8,A$33) -> 3 | R8: =COUNTIF(B8:O8,A$21)+COUNTIF(B8:O8,A$31)+COUNTIF(B8:O8,A$34) -> 6 | S8: =SUM(P8:R8) -> 14 | T8: =SUMPRODUCT(--(B8:O8=B$18:O$18)) -> 7 | U8: =SUMPRODUCT(--(B8:O8=B$17:O$17)) -> 5 | V8: =SUMPRODUCT(--(B8:O8=B$16:O$16)) -> 3 | W8: =SUMPRODUCT(--(B8:O8=B$15:O$15)) -> 7 | X8: =SUMPRODUCT(--(B8:O8=B$14:O$14)) -> 5 | Y8: =SUMPRODUCT(--(B8:O8=B$13:O$13)) -> 4 | Z8: =SUMPRODUCT(--(B8:O8=B$12:O$12)) -> 6 | AA8: =SUMPRODUCT(--(B8:O8=B$11:O$11)) -> 4 | AB8: =SUMPRODUCT(--(B8:O8=B$10:O$10)) -> 5 | AC8: =SUMPRODUCT(--(B8:O8=B$9:O$9)) -> 3 | AJ8: =900/16 -> 56.25 | AK8: 9 | AM8: 8 | AN8: =COUNTIFS(U$2:AI$16,AM8) -> 8
A9: 8 | B9: ['1' | C9: '1' | D9: '2' | E9: 'X' | F9: '1' | G9: '2' | H9: '2' | I9: 'X' | J9: 'X' | K9: '1' | L9: '1' | M9: '2' | N9: '2' | O9: '2'] | P9: =COUNTIF(B9:O9,A$19)+COUNTIF(B9:O9,A$29)+COUNTIF(B9:O9,A$32) -> 5 | Q9: =COUNTIF(B9:O9,A$20)+COUNTIF(B9:O9,A$30)+COUNTIF(B9:O9,A$33) -> 3 | R9: =COUNTIF(B9:O9,A$21)+COUNTIF(B9:O9,A$31)+COUNTIF(B9:O9,A$34) -> 6 | S9: =SUM(P9:R9) -> 14 | T9: =SUMPRODUCT(--(B9:O9=B$18:O$18)) -> 7 | U9: =SUMPRODUCT(--(B9:O9=B$17:O$17)) -> 4 | V9: =SUMPRODUCT(--(B9:O9=B$16:O$16)) -> 4 | W9: =SUMPRODUCT(--(B9:O9=B$15:O$15)) -> 4 | X9: =SUMPRODUCT(--(B9:O9=B$14:O$14)) -> 5 | Y9: =SUMPRODUCT(--(B9:O9=B$13:O$13)) -> 5 | Z9: =SUMPRODUCT(--(B9:O9=B$12:O$12)) -> 4 | AA9: =SUMPRODUCT(--(B9:O9=B$11:O$11)) -> 6 | AB9: =SUMPRODUCT(--(B9:O9=B$10:O$10)) -> 2 | AJ9: =800/16 -> 50 | AK9: 8 | AM9: 9 | AN9: =COUNTIFS(U$2:AI$16,AM9) -> 5
A10: 9 | B10: ['X' | C10: '2' | D10: 'X' | E10: '2' | F10: '2' | G10: '1' | H10: 'X' | I10: '1' | J10: '2' | K10: '2' | L10: '2' | M10: '2' | N10: '1' | O10: '2'] | P10: =COUNTIF(B10:O10,A$19)+COUNTIF(B10:O10,A$29)+COUNTIF(B10:O10,A$32) -> 3 | Q10: =COUNTIF(B10:O10,A$20)+COUNTIF(B10:O10,A$30)+COUNTIF(B10:O10,A$33) -> 3 | R10: =COUNTIF(B10:O10,A$21)+COUNTIF(B10:O10,A$31)+COUNTIF(B10:O10,A$34) -> 8 | S10: =SUM(P10:R10) -> 14 | T10: =SUMPRODUCT(--(B10:O10=B$18:O$18)) -> 8 | U10: =SUMPRODUCT(--(B10:O10=B$17:O$17)) -> 8 | V10: =SUMPRODUCT(--(B10:O10=B$16:O$16)) -> 9 | W10: =SUMPRODUCT(--(B10:O10=B$15:O$15)) -> 7 | X10: =SUMPRODUCT(--(B10:O10=B$14:O$14)) -> 10 | Y10: =SUMPRODUCT(--(B10:O10=B$13:O$13)) -> 6 | Z10: =SUMPRODUCT(--(B10:O10=B$12:O$12)) -> 5 | AA10: =SUMPRODUCT(--(B10:O10=B$11:O$11)) -> 6 | AJ10: =700/16 -> 43.75 | AK10: 7 | AM10: 10 | AN10: =COUNTIFS(U$2:AI$16,AM10) -> 1
A11: 10 | B11: ['X' | C11: '2' | D11: '2' | E11: 'X' | F11: 'X' | G11: 'X' | H11: '1' | I11: '1' | J11: 'X' | K11: '1' | L11: 'X' | M11: '2' | N11: '1' | O11: '2'] | P11: =COUNTIF(B11:O11,A$19)+COUNTIF(B11:O11,A$29)+COUNTIF(B11:O11,A$32) -> 4 | Q11: =COUNTIF(B11:O11,A$20)+COUNTIF(B11:O11,A$30)+COUNTIF(B11:O11,A$33) -> 6 | R11: =COUNTIF(B11:O11,A$21)+COUNTIF(B11:O11,A$31)+COUNTIF(B11:O11,A$34) -> 4 | S11: =SUM(P11:R11) -> 14 | T11: =SUMPRODUCT(--(B11:O11=B$18:O$18)) -> 7 | U11: =SUMPRODUCT(--(B11:O11=B$17:O$17)) -> 2 | V11: =SUMPRODUCT(--(B11:O11=B$16:O$16)) -> 5 | W11: =SUMPRODUCT(--(B11:O11=B$15:O$15)) -> 6 | X11: =SUMPRODUCT(--(B11:O11=B$14:O$14)) -> 3 | Y11: =SUMPRODUCT(--(B11:O11=B$13:O$13)) -> 7 | Z11: =SUMPRODUCT(--(B11:O11=B$12:O$12)) -> 1 | AJ11: =600/16 -> 37.5 | AK11: 6 | AM11: 11 | AN11: =COUNTIFS(U$2:AI$16,AM11) -> 0
A12: 11 | B12: ['1' | C12: '2' | D12: '1' | E12: '1' | F12: '1' | G12: '1' | H12: 'X' | I12: '2' | J12: '2' | K12: '2' | L12: '1' | M12: '1' | N12: '2' | O12: '1'] | P12: =COUNTIF(B12:O12,A$19)+COUNTIF(B12:O12,A$29)+COUNTIF(B12:O12,A$32) -> 8 | Q12: =COUNTIF(B12:O12,A$20)+COUNTIF(B12:O12,A$30)+COUNTIF(B12:O12,A$33) -> 1 | R12: =COUNTIF(B12:O12,A$21)+COUNTIF(B12:O12,A$31)+COUNTIF(B12:O12,A$34) -> 5 | S12: =SUM(P12:R12) -> 14 | T12: =SUMPRODUCT(--(B12:O12=B$18:O$18)) -> 7 | U12: =SUMPRODUCT(--(B12:O12=B$17:O$17)) -> 8 | V12: =SUMPRODUCT(--(B12:O12=B$16:O$16)) -> 7 | W12: =SUMPRODUCT(--(B12:O12=B$15:O$15)) -> 5 | X12: =SUMPRODUCT(--(B12:O12=B$14:O$14)) -> 5 | Y12: =SUMPRODUCT(--(B12:O12=B$13:O$13)) -> 7 | AJ12: =500/16 -> 31.25 | AK12: 5 | AM12: 12 | AN12: =COUNTIFS(U$2:AI$16,AM12) -> 0
A13: 12 | B13: ['X' | C13: '2' | D13: '1' | E13: 'X' | F13: '1' | G13: 'X' | H13: '1' | I13: 'X' | J13: '2' | K13: '2' | L13: '1' | M13: '1' | N13: '1' | O13: '2'] | P13: =COUNTIF(B13:O13,A$19)+COUNTIF(B13:O13,A$29)+COUNTIF(B13:O13,A$32) -> 6 | Q13: =COUNTIF(B13:O13,A$20)+COUNTIF(B13:O13,A$30)+COUNTIF(B13:O13,A$33) -> 4 | R13: =COUNTIF(B13:O13,A$21)+COUNTIF(B13:O13,A$31)+COUNTIF(B13:O13,A$34) -> 4 | S13: =SUM(P13:R13) -> 14 | T13: =SUMPRODUCT(--(B13:O13=B$18:O$18)) -> 7 | U13: =SUMPRODUCT(--(B13:O13=B$17:O$17)) -> 6 | V13: =SUMPRODUCT(--(B13:O13=B$16:O$16)) -> 9 | W13: =SUMPRODUCT(--(B13:O13=B$15:O$15)) -> 4 | X13: =SUMPRODUCT(--(B13:O13=B$14:O$14)) -> 5 | AJ13: =400/16 -> 25 | AK13: 4 | AM13: 13 | AN13: =COUNTIFS(U$2:AI$16,AM13) -> 0
A14: 13 | B14: ['1' | C14: '2' | D14: 'X' | E14: '2' | F14: '2' | G14: '1' | H14: '2' | I14: 'X' | J14: '2' | K14: '2' | L14: '2' | M14: '2' | N14: 'X' | O14: '2'] | P14: =COUNTIF(B14:O14,A$19)+COUNTIF(B14:O14,A$29)+COUNTIF(B14:O14,A$32) -> 2 | Q14: =COUNTIF(B14:O14,A$20)+COUNTIF(B14:O14,A$30)+COUNTIF(B14:O14,A$33) -> 3 | R14: =COUNTIF(B14:O14,A$21)+COUNTIF(B14:O14,A$31)+COUNTIF(B14:O14,A$34) -> 9 | S14: =SUM(P14:R14) -> 14 | T14: =SUMPRODUCT(--(B14:O14=B$18:O$18)) -> 8 | U14: =SUMPRODUCT(--(B14:O14=B$17:O$17)) -> 8 | V14: =SUMPRODUCT(--(B14:O14=B$16:O$16)) -> 8 | W14: =SUMPRODUCT(--(B14:O14=B$15:O$15)) -> 7 | AJ14: =300/16 -> 18.75 | AK14: 3 | AM14: 14 | AN14: =COUNTIFS(U$2:AI$16,AM14) -> 0
A15: 14 | B15: ['2' | C15: '2' | D15: '2' | E15: '2' | F15: 'X' | G15: '1' | H15: '2' | I15: '1' | J15: '2' | K15: '2' | L15: 'X' | M15: 'X' | N15: '2' | O15: '2'] | P15: =COUNTIF(B15:O15,A$19)+COUNTIF(B15:O15,A$29)+COUNTIF(B15:O15,A$32) -> 2 | Q15: =COUNTIF(B15:O15,A$20)+COUNTIF(B15:O15,A$30)+COUNTIF(B15:O15,A$33) -> 3 | R15: =COUNTIF(B15:O15,A$21)+COUNTIF(B15:O15,A$31)+COUNTIF(B15:O15,A$34) -> 9 | S15: =SUM(P15:R15) -> 14 | T15: =SUMPRODUCT(--(B15:O15=B$18:O$18)) -> 8 | U15: =SUMPRODUCT(--(B15:O15=B$17:O$17)) -> 8 | V15: =SUMPRODUCT(--(B15:O15=B$16:O$16)) -> 6 | AJ15: =200/16 -> 12.5 | AK15: 2
A16: 15 | B16: ['X' | C16: '2' | D16: 'X' | E16: 'X' | F16: '2' | G16: '1' | H16: '2' | I16: '2' | J16: '2' | K16: '2' | L16: '1' | M16: '1' | N16: '1' | O16: '2'] | P16: =COUNTIF(B16:O16,A$19)+COUNTIF(B16:O16,A$29)+COUNTIF(B16:O16,A$32) -> 4 | Q16: =COUNTIF(B16:O16,A$20)+COUNTIF(B16:O16,A$30)+COUNTIF(B16:O16,A$33) -> 3 | R16: =COUNTIF(B16:O16,A$21)+COUNTIF(B16:O16,A$31)+COUNTIF(B16:O16,A$34) -> 7 | S16: =SUM(P16:R16) -> 14 | T16: =SUMPRODUCT(--(B16:O16=B$18:O$18)) -> 8 | U16: =SUMPRODUCT(--(B16:O16=B$17:O$17)) -> 8 | AJ16: =100/16 -> 6.25 | AK16: 1
A17: 16 | B17: ['2' | C17: '2' | D17: 'X' | E17: '1' | F17: '2' | G17: '1' | H17: 'X' | I17: 'X' | J17: '2' | K17: '2' | L17: '1' | M17: 'X' | N17: '2' | O17: '2'] | P17: =COUNTIF(B17:O17,A$19)+COUNTIF(B17:O17,A$29)+COUNTIF(B17:O17,A$32) -> 3 | Q17: =COUNTIF(B17:O17,A$20)+COUNTIF(B17:O17,A$30)+COUNTIF(B17:O17,A$33) -> 4 | R17: =COUNTIF(B17:O17,A$21)+COUNTIF(B17:O17,A$31)+COUNTIF(B17:O17,A$34) -> 7 | S17: =SUM(P17:R17) -> 14 | T17: =SUMPRODUCT(--(B17:O17=B$18:O$18)) -> 8
A18: B | B18: ['1' | C18: '2' | D18: '2' | E18: 'X' | F18: '2' | G18: '1' | H18: '1' | I18: '1' | J18: '2' | K18: '2' | L18: '1' | M18: '2' | N18: '2' | O18: '2']
A19: '1' | B19: =COUNTIF(B2:B17,$A29) -> 7 | C19: =COUNTIF(C2:C17,$A19) -> 2 | D19: =COUNTIF(D2:D17,$A19) -> 4 | E19: =COUNTIF(E2:E17,$A19) -> 5 | F19: =COUNTIF(F2:F17,$A19) -> 4 | G19: =COUNTIF(G2:G17,$A19) -> 10 | H19: =COUNTIF(H2:H17,$A19) -> 6 | I19: =COUNTIF(I2:I17,$A19) -> 7 | J19: =COUNTIF(J2:J17,$A19) -> 2 | ... N19: =COUNTIF(N2:N17,$A19) -> 4 | O19: =COUNTIF(O2:O17,$A32) -> 2 | U19: =SUM(U2:U16) -> 95 | V19: =SUM(V2:V16) -> 84 | W19: =SUM(W2:W16) -> 75 | X19: =SUM(X2:X16) -> 66 | Y19: =SUM(Y2:Y16) -> 58 | Z19: =SUM(Z2:Z16) -> 50 | AA19: =SUM(AA2:AA16) -> 44 | AB19: =SUM(AB2:AB16) -> 38 | ... AI19: =SUM(AI2:AI16) -> 2 | AJ19: =SUM(U19:AI19) -> 641
A20: 'X' | B20: =COUNTIF(B2:B17,$A30) -> 5 | C20: =COUNTIF(C2:C17,$A20) -> 2 | D20: =COUNTIF(D2:D17,$A20) -> 5 | E20: =COUNTIF(E2:E17,$A20) -> 7 | F20: =COUNTIF(F2:F17,$A20) -> 4 | G20: =COUNTIF(G2:G17,$A20) -> 3 | H20: =COUNTIF(H2:H17,$A20) -> 5 | I20: =COUNTIF(I2:I17,$A20) -> 5 | J20: =COUNTIF(J2:J17,$A20) -> 3 | ... N20: =COUNTIF(N2:N17,$A20) -> 4 | O20: =COUNTIF(O2:O17,$A33) -> 3
A21: '2' | B21: =COUNTIF(B2:B17,$A31) -> 4 | C21: =COUNTIF(C2:C17,$A21) -> 12 | D21: =COUNTIF(D2:D17,$A21) -> 7 | E21: =COUNTIF(E2:E17,$A21) -> 4 | F21: =COUNTIF(F2:F17,$A21) -> 8 | G21: =COUNTIF(G2:G17,$A21) -> 3 | H21: =COUNTIF(H2:H17,$A21) -> 5 | I21: =COUNTIF(I2:I17,$A21) -> 4 | J21: =COUNTIF(J2:J17,$A21) -> 11 | ... N21: =COUNTIF(N2:N17,$A21) -> 8 | O21: =COUNTIF(O2:O17,$A34) -> 11 | R21: pares | U21: trios
B22: =SUM(B19:B21) -> 16 | C22: =SUM(C19:C21) -> 16 | D22: =SUM(D19:D21) -> 16 | E22: =SUM(E19:E21) -> 16 | F22: =SUM(F19:F21) -> 16 | G22: =SUM(G19:G21) -> 16 | H22: =SUM(H19:H21) -> 16 | I22: =SUM(I19:I21) -> 16 | ... O22: =SUM(O19:O21) -> 16 | Q22: 0 | R22: =COUNTIFS(C$55:O$67,Q54) -> 1 | T22: 0 | U22: =AA55 -> 104
A23: N1 | B23: =Sheet1!R2 -> 16 | C23: =Sheet1!R3 -> 12 | D23: =Sheet1!R4 -> 8 | E23: =Sheet1!R5 -> 20 | F23: =Sheet1!R6 -> 16 | G23: =Sheet1!R7 -> 16 | H23: =Sheet1!R8 -> 15 | I23: =Sheet1!R9 -> 10 | J23: =Sheet1!R10 -> 18 | K23: =Sheet1!R11 -> 13 | L23: =Sheet1!R12 -> 12 | M23: =Sheet1!R13 -> 8 | N23: =Sheet1!R14 -> 12 | O23: =Sheet1!R15 -> 17 | Q23: 1 | R23: =COUNTIFS(C$55:O$67,Q55) -> 15 | T23: 1 | U23: =AA56 -> 149
A24: NX | B24: =Sheet1!S2 -> 9 | C24: =Sheet1!S3 -> 10 | D24: =Sheet1!S4 -> 10 | E24: =Sheet1!S5 -> 7 | F24: =Sheet1!S6 -> 8 | G24: =Sheet1!S7 -> 8 | H24: =Sheet1!S8 -> 10 | I24: =Sheet1!S9 -> 8 | J24: =Sheet1!S10 -> 6 | K24: =Sheet1!S11 -> 9 | L24: =Sheet1!S12 -> 11 | M24: =Sheet1!S13 -> 10 | N24: =Sheet1!S14 -> 9 | O24: =Sheet1!S15 -> 6 | Q24: 2 | R24: =COUNTIFS(C$55:O$67,Q56) -> 21 | T24: 2 | U24: =AA57 -> 69
A25: N2 | B25: =Sheet1!T2 -> 7 | C25: =Sheet1!T3 -> 10 | D25: =Sheet1!T4 -> 14 | E25: =Sheet1!T5 -> 5 | F25: =Sheet1!T6 -> 8 | G25: =Sheet1!T7 -> 8 | H25: =Sheet1!T8 -> 7 | I25: =Sheet1!T9 -> 14 | J25: =Sheet1!T10 -> 8 | K25: =Sheet1!T11 -> 10 | L25: =Sheet1!T12 -> 9 | M25: =Sheet1!T13 -> 14 | N25: =Sheet1!T14 -> 11 | O25: =Sheet1!T15 -> 9 | Q25: 3 | R25: =COUNTIFS(C$55:O$67,Q57) -> 19 | T25: 3 | U25: =AA58 -> 32
B26: =B19-B23 -> -9 | C26: =C19-C23 -> -10 | D26: =D19-D23 -> -4 | E26: =E19-E23 -> -15 | F26: =F19-F23 -> -12 | G26: =G19-G23 -> -6 | H26: =H19-H23 -> -9 | I26: =I19-I23 -> -3 | ... O26: =O19-O23 -> -15 | Q26: 4 | R26: =COUNTIFS(C$55:O$67,Q58) -> 17 | T26: 4 | U26: =AA59 -> 8
B27: =B20-B24 -> -4 | C27: =C20-C24 -> -8 | D27: =D20-D24 -> -5 | E27: =E20-E24 -> 0 | F27: =F20-F24 -> -4 | G27: =G20-G24 -> -5 | H27: =H20-H24 -> -5 | I27: =I20-I24 -> -3 | ... O27: =O20-O24 -> -3 | Q27: 5 | R27: =COUNTIFS(C$55:O$67,Q59) -> 10 | T27: 5 | U27: =AA60 -> 2
B28: =B21-B25 -> -3 | C28: =C21-C25 -> 2 | D28: =D21-D25 -> -7 | E28: =E21-E25 -> -1 | F28: =F21-F25 -> 0 | G28: =G21-G25 -> -5 | H28: =H21-H25 -> -2 | I28: =I21-I25 -> -10 | ... O28: =O21-O25 -> 2 | P28: =SUMIF(B26:O28,"<0") -> -232 | Q28: 6 | R28: =COUNTIFS(C$55:O$67,Q60) -> 6 | T28: 6 | U28: =AA61 -> 0
A29: ['1' | Q29: 7 | R29: =COUNTIFS(C$55:O$67,Q61) -> 2 | T29: 7 | U29: =AA62 -> 0
A30: ['X' | Q30: 8 | R30: =COUNTIFS(C$55:O$67,Q62) -> 0 | T30: 8 | U30: =AA63 -> 0
A31: ['2' | Q31: 9 | R31: =COUNTIFS(C$55:O$67,Q63) -> 0 | T31: 9 | U31: =AA64 -> 0
A32: '1'] | Q32: 10 | R32: =COUNTIFS(C$55:O$67,Q64) -> 0 | T32: 10 | U32: =AA65 -> 0
A33: 'X']
A34: '2']
B35: Posiciones distinta a la base
B36: 1 | C36: 2 | D36: 3 | E36: 4 | F36: 5 | G36: 6 | H36: 7 | I36: 8 | J36: 9 | K36: 10 | L36: 11 | M36: 12 | N36: 13 | O36: 14
A37: 1 | B37: =IF(B2<>B$18,"X","") -> X | C37: =IF(C2<>C$18,"X","") | D37: =IF(D2<>D$18,"X","") | E37: =IF(E2<>E$18,"X","") | F37: =IF(F2<>F$18,"X","") -> X | G37: =IF(G2<>G$18,"X","") -> X | H37: =IF(H2<>H$18,"X","") | I37: =IF(I2<>I$18,"X","") -> X | ... O37: =IF(O2<>O$18,"X","") -> X
A38: 2 | B38: =IF(B3<>B$18,"X","") | C38: =IF(C3<>C$18,"X","") | D38: =IF(D3<>D$18,"X","") -> X | E38: =IF(E3<>E$18,"X","") | F38: =IF(F3<>F$18,"X","") | G38: =IF(G3<>G$18,"X","") | H38: =IF(H3<>H$18,"X","") -> X | I38: =IF(I3<>I$18,"X","") | ... O38: =IF(O3<>O$18,"X","")
A39: 3 | B39: =IF(B4<>B$18,"X","") -> X | C39: =IF(C4<>C$18,"X","") -> X | D39: =IF(D4<>D$18,"X","") | E39: =IF(E4<>E$18,"X","") -> X | F39: =IF(F4<>F$18,"X","") -> X | G39: =IF(G4<>G$18,"X","") | H39: =IF(H4<>H$18,"X","") -> X | I39: =IF(I4<>I$18,"X","") | ... O39: =IF(O4<>O$18,"X","")
A40: 4 | B40: =IF(B5<>B$18,"X","") | C40: =IF(C5<>C$18,"X","") | D40: =IF(D5<>D$18,"X","") -> X | E40: =IF(E5<>E$18,"X","") | F40: =IF(F5<>F$18,"X","") | G40: =IF(G5<>G$18,"X","") | H40: =IF(H5<>H$18,"X","") | I40: =IF(I5<>I$18,"X","") -> X | ... O40: =IF(O5<>O$18,"X","") -> X
A41: 5 | B41: =IF(B6<>B$18,"X","") | C41: =IF(C6<>C$18,"X","") -> X | D41: =IF(D6<>D$18,"X","") | E41: =IF(E6<>E$18,"X","") -> X | F41: =IF(F6<>F$18,"X","") | G41: =IF(G6<>G$18,"X","") -> X | H41: =IF(H6<>H$18,"X","") | I41: =IF(I6<>I$18,"X","") -> X | ... O41: =IF(O6<>O$18,"X","") -> X
A42: 6 | B42: =IF(B7<>B$18,"X","") -> X | C42: =IF(C7<>C$18,"X","") -> X | D42: =IF(D7<>D$18,"X","") | E42: =IF(E7<>E$18,"X","") -> X | F42: =IF(F7<>F$18,"X","") -> X | G42: =IF(G7<>G$18,"X","") | H42: =IF(H7<>H$18,"X","") -> X | I42: =IF(I7<>I$18,"X","") | ... O42: =IF(O7<>O$18,"X","")
A43: 7 | B43: =IF(B8<>B$18,"X","") | C43: =IF(C8<>C$18,"X","") | D43: =IF(D8<>D$18,"X","") -> X | E43: =IF(E8<>E$18,"X","") -> X | F43: =IF(F8<>F$18,"X","") | G43: =IF(G8<>G$18,"X","") -> X | H43: =IF(H8<>H$18,"X","") | I43: =IF(I8<>I$18,"X","") | ... O43: =IF(O8<>O$18,"X","") -> X
A44: 8 | B44: =IF(B9<>B$18,"X","") | C44: =IF(C9<>C$18,"X","") -> X | D44: =IF(D9<>D$18,"X","") | E44: =IF(E9<>E$18,"X","") | F44: =IF(F9<>F$18,"X","") -> X | G44: =IF(G9<>G$18,"X","") -> X | H44: =IF(H9<>H$18,"X","") -> X | I44: =IF(I9<>I$18,"X","") -> X | ... O44: =IF(O9<>O$18,"X","")
A45: 9 | B45: =IF(B10<>B$18,"X","") -> X | C45: =IF(C10<>C$18,"X","") | D45: =IF(D10<>D$18,"X","") -> X | E45: =IF(E10<>E$18,"X","") -> X | F45: =IF(F10<>F$18,"X","") | G45: =IF(G10<>G$18,"X","") | H45: =IF(H10<>H$18,"X","") -> X | I45: =IF(I10<>I$18,"X","") | ... O45: =IF(O10<>O$18,"X","")
A46: 10 | B46: =IF(B11<>B$18,"X","") -> X | C46: =IF(C11<>C$18,"X","") | D46: =IF(D11<>D$18,"X","") | E46: =IF(E11<>E$18,"X","") | F46: =IF(F11<>F$18,"X","") -> X | G46: =IF(G11<>G$18,"X","") -> X | H46: =IF(H11<>H$18,"X","") | I46: =IF(I11<>I$18,"X","") | ... O46: =IF(O11<>O$18,"X","")
A47: 11 | B47: =IF(B12<>B$18,"X","") | C47: =IF(C12<>C$18,"X","") | D47: =IF(D12<>D$18,"X","") -> X | E47: =IF(E12<>E$18,"X","") -> X | F47: =IF(F12<>F$18,"X","") -> X | G47: =IF(G12<>G$18,"X","") | H47: =IF(H12<>H$18,"X","") -> X | I47: =IF(I12<>I$18,"X","") -> X | ... O47: =IF(O12<>O$18,"X","") -> X
A48: 12 | B48: =IF(B13<>B$18,"X","") -> X | C48: =IF(C13<>C$18,"X","") | D48: =IF(D13<>D$18,"X","") -> X | E48: =IF(E13<>E$18,"X","") | F48: =IF(F13<>F$18,"X","") -> X | G48: =IF(G13<>G$18,"X","") -> X | H48: =IF(H13<>H$18,"X","") | I48: =IF(I13<>I$18,"X","") -> X | ... O48: =IF(O13<>O$18,"X","")
... A52: 16 | B52: =IF(B17<>B$18,"X","") -> X | C52: =IF(C17<>C$18,"X","") | D52: =IF(D17<>D$18,"X","") -> X | E52: =IF(E17<>E$18,"X","") -> X | F52: =IF(F17<>F$18,"X","") | G52: =IF(G17<>G$18,"X","") | H52: =IF(H17<>H$18,"X","") -> X | I52: =IF(I17<>I$18,"X","") -> X | ... O52: =IF(O17<>O$18,"X","")
B53: =COUNTIF(B37:B52,"X") -> 9 | C53: =COUNTIF(C37:C52,"X") -> 4 | D53: =COUNTIF(D37:D52,"X") -> 9 | E53: =COUNTIF(E37:E52,"X") -> 9 | F53: =COUNTIF(F37:F52,"X") -> 8 | G53: =COUNTIF(G37:G52,"X") -> 6 | H53: =COUNTIF(H37:H52,"X") -> 10 | I53: =COUNTIF(I37:I52,"X") -> 9 | ... O53: =COUNTIF(O37:O52,"X") -> 5
B54: Pares | C54: 2 | D54: 3 | E54: 4 | F54: 5 | G54: 6 | H54: 7 | I54: 8 | J54: 9 | K54: 10 | L54: 11 | M54: 12 | N54: 13 | O54: 14 | Q54: 0 | R54: =COUNTIFS(C$55:O$67,Q54) -> 1 | T54: Trios
B55: 1 con | C55: =SUMPRODUCT(($B37:$B52=C37:C52)*($B37:$B52<>"")) -> 2 | D55: =SUMPRODUCT((B$37:B$52=D$37:D$52)*(B$37:B$52<>"")) -> 4 | E55: =SUMPRODUCT(($B37:$B52=E37:E52)*($B37:$B52<>"")) -> 5 | F55: =SUMPRODUCT(($B37:$B52=F37:F52)*($B37:$B52<>"")) -> 6 | G55: =SUMPRODUCT(($B37:$B52=G37:G52)*($B37:$B52<>"")) -> 3 | H55: =SUMPRODUCT(($B37:$B52=H37:H52)*($B37:$B52<>"")) -> 6 | I55: =SUMPRODUCT(($B37:$B52=I37:I52)*($B37:$B52<>"")) -> 4 | J55: =SUMPRODUCT(($B37:$B52=J37:J52)*($B37:$B52<>"")) -> 2 | K55: =SUMPRODUCT(($B37:$B52=K37:K52)*($B37:$B52<>"")) -> 2 | L55: =SUMPRODUCT(($B37:$B52=L37:L52)*($B37:$B52<>"")) -> 4 | ... O55: =SUMPRODUCT(($B37:$B52=O37:O52)*($B37:$B52<>"")) -> 1 | Q55: 1 | R55: =COUNTIFS(C$55:O$67,Q55) -> 15 | T55: 1 | U55: 2 | V55: 3 | W55: {=IF(AND(INDIRECT("B"&(T55+70))="X",INDIRECT("B"&(U55+70))="X",INDIRECT("B"&(V55+70))="X"),1,0)+IF(AND(INDIRECT("C"&(T55+70))="X",INDIRECT("C"&(U55+70))="X",INDIRECT("C"&(V55+70))="X"),1,0)+IF(AND(INDIRECT("D"&(T55+70))="X",INDIRECT("D"&(U55+70))="X",INDIRECT("D"&(V55+70))="X"),1,0)+IF(AND(INDIRECT("E"&(T55+70))="X",INDIRECT("E"&(U55+70))="X",INDIRECT("E"&(V55+70))="X"),1,0)+IF(AND(INDIRECT("F"&(T55+70))="X",INDIRECT("F"&(U55+70))="X",INDIRECT("F"&(V55+70))="X"),1,0)+IF(AND(INDIRECT("G"&(T55+70))="X",INDIRECT("G"&(U55+70))="X",INDIRECT("G"&(V55+70))="X"),1,0)+IF(AND(INDIRECT("H"&(T55+70))="X",INDIRECT("H"&(U55+70))="X",INDIRECT("H"&(V55+70))="X"),1,0)+IF(AND(INDIRECT("I"&(T55+70))="X",INDIRECT("I"&(U55+70))="X",INDIRECT("I"&(V55+70))="X"),1,0)+IF(AND(INDIRECT("J"&(T55+70))="X",INDIRECT("J"&(U55+70))="X",INDIRECT("J"&(V55+70))="X"),1,0)+IF(AND(INDIRECT("K"&(T55+70))="X",INDIRECT("K"&(U55+70))="X",INDIRECT("K"&(V55+70))="X"),1,0)+IF(AND(INDIRECT("L"&(T55+70))="X",INDIRECT("L"&(U55+70))="X",INDIRECT("L"&(V55+70))="X"),1,0)+IF(AND(INDIRECT("M"&(T55+70))="X",INDIRECT("M"&(U55+70))="X",INDIRECT("M"&(V55+70))="X"),1,0)+IF(AND(INDIRECT("N"&(T55+70))="X",INDIRECT("N"&(U55+70))="X",INDIRECT("N"&(V55+70))="X"),1,0)+IF(AND(INDIRECT("O"&(T55+70))="X",INDIRECT("O"&(U55+70))="X",INDIRECT("O"&(V55+70))="X"),1,0)+IF(AND(INDIRECT("P"&(T55+70))="X",INDIRECT("P"&(U55+70))="X",INDIRECT("P"&(V55+70))="X"),1,0)+IF(AND(INDIRECT("Q"&(T55+70))="X",INDIRECT("Q"&(U55+70))="X",INDIRECT("Q"&(V55+70))="X"),1,0)} -> 0 | Y55: {=INDIRECT("B"&(U55+42))} | Z55: 0 | AA55: =COUNTIF(W$55:W$418,Z55) -> 104
B56: 2 con | D56: =SUMPRODUCT(($C$37:$C$52=D$37:D$52)*($C$37:$C$52<>"")) -> 0 | E56: =SUMPRODUCT(($C$37:$C$52=E$37:E$52)*($C$37:$C$52<>"")) -> 3 | F56: =SUMPRODUCT(($C$37:$C$52=F$37:F$52)*($C$37:$C$52<>"")) -> 3 | G56: =SUMPRODUCT(($C$37:$C$52=G$37:G$52)*($C$37:$C$52<>"")) -> 2 | H56: =SUMPRODUCT(($C$37:$C$52=H$37:H$52)*($C$37:$C$52<>"")) -> 3 | I56: =SUMPRODUCT(($C$37:$C$52=I$37:I$52)*($C$37:$C$52<>"")) -> 2 | J56: =SUMPRODUCT(($C$37:$C$52=J$37:J$52)*($C$37:$C$52<>"")) -> 2 | K56: =SUMPRODUCT(($C$37:$C$52=K$37:K$52)*($C$37:$C$52<>"")) -> 1 | ... O56: =SUMPRODUCT(($C$37:$C$52=O$37:O$52)*($C$37:$C$52<>"")) -> 1 | Q56: 2 | R56: =COUNTIFS(C$55:O$67,Q56) -> 21 | T56: 1 | U56: 2 | V56: 4 | W56: {=IF(AND(INDIRECT("B"&(T56+70))="X",INDIRECT("B"&(U56+70))="X",INDIRECT("B"&(V56+70))="X"),1,0)+IF(AND(INDIRECT("C"&(T56+70))="X",INDIRECT("C"&(U56+70))="X",INDIRECT("C"&(V56+70))="X"),1,0)+IF(AND(INDIRECT("D"&(T56+70))="X",INDIRECT("D"&(U56+70))="X",INDIRECT("D"&(V56+70))="X"),1,0)+IF(AND(INDIRECT("E"&(T56+70))="X",INDIRECT("E"&(U56+70))="X",INDIRECT("E"&(V56+70))="X"),1,0)+IF(AND(INDIRECT("F"&(T56+70))="X",INDIRECT("F"&(U56+70))="X",INDIRECT("F"&(V56+70))="X"),1,0)+IF(AND(INDIRECT("G"&(T56+70))="X",INDIRECT("G"&(U56+70))="X",INDIRECT("G"&(V56+70))="X"),1,0)+IF(AND(INDIRECT("H"&(T56+70))="X",INDIRECT("H"&(U56+70))="X",INDIRECT("H"&(V56+70))="X"),1,0)+IF(AND(INDIRECT("I"&(T56+70))="X",INDIRECT("I"&(U56+70))="X",INDIRECT("I"&(V56+70))="X"),1,0)+IF(AND(INDIRECT("J"&(T56+70))="X",INDIRECT("J"&(U56+70))="X",INDIRECT("J"&(V56+70))="X"),1,0)+IF(AND(INDIRECT("K"&(T56+70))="X",INDIRECT("K"&(U56+70))="X",INDIRECT("K"&(V56+70))="X"),1,0)+IF(AND(INDIRECT("L"&(T56+70))="X",INDIRECT("L"&(U56+70))="X",INDIRECT("L"&(V56+70))="X"),1,0)+IF(AND(INDIRECT("M"&(T56+70))="X",INDIRECT("M"&(U56+70))="X",INDIRECT("M"&(V56+70))="X"),1,0)+IF(AND(INDIRECT("N"&(T56+70))="X",INDIRECT("N"&(U56+70))="X",INDIRECT("N"&(V56+70))="X"),1,0)+IF(AND(INDIRECT("O"&(T56+70))="X",INDIRECT("O"&(U56+70))="X",INDIRECT("O"&(V56+70))="X"),1,0)+IF(AND(INDIRECT("P"&(T56+70))="X",INDIRECT("P"&(U56+70))="X",INDIRECT("P"&(V56+70))="X"),1,0)+IF(AND(INDIRECT("Q"&(T56+70))="X",INDIRECT("Q"&(U56+70))="X",INDIRECT("Q"&(V56+70))="X"),1,0)} -> 2 | Z56: 1 | AA56: =COUNTIF(W$55:W$418,Z56) -> 149
B57: 3 con | E57: =SUMPRODUCT(($D$37:$D$52=E$37:E$52)*($D$37:$D$52<>"")) -> 5 | F57: =SUMPRODUCT(($D$37:$D$52=F$37:F$52)*($D$37:$D$52<>"")) -> 2 | G57: =SUMPRODUCT(($D$37:$D$52=G$37:G$52)*($D$37:$D$52<>"")) -> 2 | H57: =SUMPRODUCT(($D$37:$D$52=H$37:H$52)*($D$37:$D$52<>"")) -> 6 | I57: =SUMPRODUCT(($D$37:$D$52=I$37:I$52)*($D$37:$D$52<>"")) -> 6 | J57: =SUMPRODUCT(($D$37:$D$52=J$37:J$52)*($D$37:$D$52<>"")) -> 2 | K57: =SUMPRODUCT(($D$37:$D$52=K$37:K$52)*($D$37:$D$52<>"")) -> 2 | L57: =SUMPRODUCT(($D$37:$D$52=L$37:L$52)*($D$37:$D$52<>"")) -> 4 | ... O57: =SUMPRODUCT(($D$37:$D$52=O$37:O$52)*($D$37:$D$52<>"")) -> 3 | Q57: 3 | R57: =COUNTIFS(C$55:O$67,Q57) -> 19 | T57: 1 | U57: 2 | V57: 5 | W57: {=IF(AND(INDIRECT("B"&(T57+70))="X",INDIRECT("B"&(U57+70))="X",INDIRECT("B"&(V57+70))="X"),1,0)+IF(AND(INDIRECT("C"&(T57+70))="X",INDIRECT("C"&(U57+70))="X",INDIRECT("C"&(V57+70))="X"),1,0)+IF(AND(INDIRECT("D"&(T57+70))="X",INDIRECT("D"&(U57+70))="X",INDIRECT("D"&(V57+70))="X"),1,0)+IF(AND(INDIRECT("E"&(T57+70))="X",INDIRECT("E"&(U57+70))="X",INDIRECT("E"&(V57+70))="X"),1,0)+IF(AND(INDIRECT("F"&(T57+70))="X",INDIRECT("F"&(U57+70))="X",INDIRECT("F"&(V57+70))="X"),1,0)+IF(AND(INDIRECT("G"&(T57+70))="X",INDIRECT("G"&(U57+70))="X",INDIRECT("G"&(V57+70))="X"),1,0)+IF(AND(INDIRECT("H"&(T57+70))="X",INDIRECT("H"&(U57+70))="X",INDIRECT("H"&(V57+70))="X"),1,0)+IF(AND(INDIRECT("I"&(T57+70))="X",INDIRECT("I"&(U57+70))="X",INDIRECT("I"&(V57+70))="X"),1,0)+IF(AND(INDIRECT("J"&(T57+70))="X",INDIRECT("J"&(U57+70))="X",INDIRECT("J"&(V57+70))="X"),1,0)+IF(AND(INDIRECT("K"&(T57+70))="X",INDIRECT("K"&(U57+70))="X",INDIRECT("K"&(V57+70))="X"),1,0)+IF(AND(INDIRECT("L"&(T57+70))="X",INDIRECT("L"&(U57+70))="X",INDIRECT("L"&(V57+70))="X"),1,0)+IF(AND(INDIRECT("M"&(T57+70))="X",INDIRECT("M"&(U57+70))="X",INDIRECT("M"&(V57+70))="X"),1,0)+IF(AND(INDIRECT("N"&(T57+70))="X",INDIRECT("N"&(U57+70))="X",INDIRECT("N"&(V57+70))="X"),1,0)+IF(AND(INDIRECT("O"&(T57+70))="X",INDIRECT("O"&(U57+70))="X",INDIRECT("O"&(V57+70))="X"),1,0)+IF(AND(INDIRECT("P"&(T57+70))="X",INDIRECT("P"&(U57+70))="X",INDIRECT("P"&(V57+70))="X"),1,0)+IF(AND(INDIRECT("Q"&(T57+70))="X",INDIRECT("Q"&(U57+70))="X",INDIRECT("Q"&(V57+70))="X"),1,0)} -> 2 | Z57: 2 | AA57: =COUNTIF(W$55:W$418,Z57) -> 69
B58: 4 con | F58: =SUMPRODUCT(($E$37:$E$52=F$37:F$52)*($E$37:$E$52<>"")) -> 4 | G58: =SUMPRODUCT(($E$37:$E$52=G$37:G$52)*($E$37:$E$52<>"")) -> 2 | H58: =SUMPRODUCT(($E$37:$E$52=H$37:H$52)*($E$37:$E$52<>"")) -> 7 | I58: =SUMPRODUCT(($E$37:$E$52=I$37:I$52)*($E$37:$E$52<>"")) -> 4 | J58: =SUMPRODUCT(($E$37:$E$52=J$37:J$52)*($E$37:$E$52<>"")) -> 1 | K58: =SUMPRODUCT(($E$37:$E$52=K$37:K$52)*($E$37:$E$52<>"")) -> 1 | L58: =SUMPRODUCT(($E$37:$E$52=L$37:L$52)*($E$37:$E$52<>"")) -> 5 | M58: =SUMPRODUCT(($E$37:$E$52=M$37:M$52)*($E$37:$E$52<>"")) -> 5 | ... O58: =SUMPRODUCT(($E$37:$E$52=O$37:O$52)*($E$37:$E$52<>"")) -> 3 | Q58: 4 | R58: =COUNTIFS(C$55:O$67,Q58) -> 17 | T58: 1 | U58: 2 | V58: 6 | W58: {=IF(AND(INDIRECT("B"&(T58+70))="X",INDIRECT("B"&(U58+70))="X",INDIRECT("B"&(V58+70))="X"),1,0)+IF(AND(INDIRECT("C"&(T58+70))="X",INDIRECT("C"&(U58+70))="X",INDIRECT("C"&(V58+70))="X"),1,0)+IF(AND(INDIRECT("D"&(T58+70))="X",INDIRECT("D"&(U58+70))="X",INDIRECT("D"&(V58+70))="X"),1,0)+IF(AND(INDIRECT("E"&(T58+70))="X",INDIRECT("E"&(U58+70))="X",INDIRECT("E"&(V58+70))="X"),1,0)+IF(AND(INDIRECT("F"&(T58+70))="X",INDIRECT("F"&(U58+70))="X",INDIRECT("F"&(V58+70))="X"),1,0)+IF(AND(INDIRECT("G"&(T58+70))="X",INDIRECT("G"&(U58+70))="X",INDIRECT("G"&(V58+70))="X"),1,0)+IF(AND(INDIRECT("H"&(T58+70))="X",INDIRECT("H"&(U58+70))="X",INDIRECT("H"&(V58+70))="X"),1,0)+IF(AND(INDIRECT("I"&(T58+70))="X",INDIRECT("I"&(U58+70))="X",INDIRECT("I"&(V58+70))="X"),1,0)+IF(AND(INDIRECT("J"&(T58+70))="X",INDIRECT("J"&(U58+70))="X",INDIRECT("J"&(V58+70))="X"),1,0)+IF(AND(INDIRECT("K"&(T58+70))="X",INDIRECT("K"&(U58+70))="X",INDIRECT("K"&(V58+70))="X"),1,0)+IF(AND(INDIRECT("L"&(T58+70))="X",INDIRECT("L"&(U58+70))="X",INDIRECT("L"&(V58+70))="X"),1,0)+IF(AND(INDIRECT("M"&(T58+70))="X",INDIRECT("M"&(U58+70))="X",INDIRECT("M"&(V58+70))="X"),1,0)+IF(AND(INDIRECT("N"&(T58+70))="X",INDIRECT("N"&(U58+70))="X",INDIRECT("N"&(V58+70))="X"),1,0)+IF(AND(INDIRECT("O"&(T58+70))="X",INDIRECT("O"&(U58+70))="X",INDIRECT("O"&(V58+70))="X"),1,0)+IF(AND(INDIRECT("P"&(T58+70))="X",INDIRECT("P"&(U58+70))="X",INDIRECT("P"&(V58+70))="X"),1,0)+IF(AND(INDIRECT("Q"&(T58+70))="X",INDIRECT("Q"&(U58+70))="X",INDIRECT("Q"&(V58+70))="X"),1,0)} -> 0 | Z58: 3 | AA58: =COUNTIF(W$55:W$418,Z58) -> 32
B59: 5 con | G59: =SUMPRODUCT(($F$37:$F$52=G$37:G$52)*($F$37:$F$52<>"")) -> 4 | H59: =SUMPRODUCT(($F$37:$F$52=H$37:H$52)*($F$37:$F$52<>"")) -> 5 | I59: =SUMPRODUCT(($F$37:$F$52=I$37:I$52)*($F$37:$F$52<>"")) -> 4 | J59: =SUMPRODUCT(($F$37:$F$52=J$37:J$52)*($F$37:$F$52<>"")) -> 3 | K59: =SUMPRODUCT(($F$37:$F$52=K$37:K$52)*($F$37:$F$52<>"")) -> 3 | L59: =SUMPRODUCT(($F$37:$F$52=L$37:L$52)*($F$37:$F$52<>"")) -> 3 | M59: =SUMPRODUCT(($F$37:$F$52=M$37:M$52)*($F$37:$F$52<>"")) -> 3 | N59: =SUMPRODUCT(($F$37:$F$52=N$37:N$52)*($F$37:$F$52<>"")) -> 3 | O59: =SUMPRODUCT(($F$37:$F$52=O$37:O$52)*($F$37:$F$52<>"")) -> 2 | Q59: 5 | R59: =COUNTIFS(C$55:O$67,Q59) -> 10 | T59: 1 | U59: 2 | V59: 7 | W59: {=IF(AND(INDIRECT("B"&(T59+70))="X",INDIRECT("B"&(U59+70))="X",INDIRECT("B"&(V59+70))="X"),1,0)+IF(AND(INDIRECT("C"&(T59+70))="X",INDIRECT("C"&(U59+70))="X",INDIRECT("C"&(V59+70))="X"),1,0)+IF(AND(INDIRECT("D"&(T59+70))="X",INDIRECT("D"&(U59+70))="X",INDIRECT("D"&(V59+70))="X"),1,0)+IF(AND(INDIRECT("E"&(T59+70))="X",INDIRECT("E"&(U59+70))="X",INDIRECT("E"&(V59+70))="X"),1,0)+IF(AND(INDIRECT("F"&(T59+70))="X",INDIRECT("F"&(U59+70))="X",INDIRECT("F"&(V59+70))="X"),1,0)+IF(AND(INDIRECT("G"&(T59+70))="X",INDIRECT("G"&(U59+70))="X",INDIRECT("G"&(V59+70))="X"),1,0)+IF(AND(INDIRECT("H"&(T59+70))="X",INDIRECT("H"&(U59+70))="X",INDIRECT("H"&(V59+70))="X"),1,0)+IF(AND(INDIRECT("I"&(T59+70))="X",INDIRECT("I"&(U59+70))="X",INDIRECT("I"&(V59+70))="X"),1,0)+IF(AND(INDIRECT("J"&(T59+70))="X",INDIRECT("J"&(U59+70))="X",INDIRECT("J"&(V59+70))="X"),1,0)+IF(AND(INDIRECT("K"&(T59+70))="X",INDIRECT("K"&(U59+70))="X",INDIRECT("K"&(V59+70))="X"),1,0)+IF(AND(INDIRECT("L"&(T59+70))="X",INDIRECT("L"&(U59+70))="X",INDIRECT("L"&(V59+70))="X"),1,0)+IF(AND(INDIRECT("M"&(T59+70))="X",INDIRECT("M"&(U59+70))="X",INDIRECT("M"&(V59+70))="X"),1,0)+IF(AND(INDIRECT("N"&(T59+70))="X",INDIRECT("N"&(U59+70))="X",INDIRECT("N"&(V59+70))="X"),1,0)+IF(AND(INDIRECT("O"&(T59+70))="X",INDIRECT("O"&(U59+70))="X",INDIRECT("O"&(V59+70))="X"),1,0)+IF(AND(INDIRECT("P"&(T59+70))="X",INDIRECT("P"&(U59+70))="X",INDIRECT("P"&(V59+70))="X"),1,0)+IF(AND(INDIRECT("Q"&(T59+70))="X",INDIRECT("Q"&(U59+70))="X",INDIRECT("Q"&(V59+70))="X"),1,0)} -> 2 | Z59: 4 | AA59: =COUNTIF(W$55:W$418,Z59) -> 8
B60: 6 con | H60: =SUMPRODUCT(($G$37:$G$52=H$37:H$52)*($G$37:$G$52<>"")) -> 1 | I60: =SUMPRODUCT(($G$37:$G$52=I$37:I$52)*($G$37:$G$52<>"")) -> 4 | J60: =SUMPRODUCT(($G$37:$G$52=J$37:J$52)*($G$37:$G$52<>"")) -> 2 | K60: =SUMPRODUCT(($G$37:$G$52=K$37:K$52)*($G$37:$G$52<>"")) -> 4 | L60: =SUMPRODUCT(($G$37:$G$52=L$37:L$52)*($G$37:$G$52<>"")) -> 2 | M60: =SUMPRODUCT(($G$37:$G$52=M$37:M$52)*($G$37:$G$52<>"")) -> 3 | N60: =SUMPRODUCT(($G$37:$G$52=N$37:N$52)*($G$37:$G$52<>"")) -> 2 | O60: =SUMPRODUCT(($G$37:$G$52=O$37:O$52)*($G$37:$G$52<>"")) -> 3 | Q60: 6 | R60: =COUNTIFS(C$55:O$67,Q60) -> 6 | T60: 1 | U60: 2 | V60: 8 | W60: {=IF(AND(INDIRECT("B"&(T60+70))="X",INDIRECT("B"&(U60+70))="X",INDIRECT("B"&(V60+70))="X"),1,0)+IF(AND(INDIRECT("C"&(T60+70))="X",INDIRECT("C"&(U60+70))="X",INDIRECT("C"&(V60+70))="X"),1,0)+IF(AND(INDIRECT("D"&(T60+70))="X",INDIRECT("D"&(U60+70))="X",INDIRECT("D"&(V60+70))="X"),1,0)+IF(AND(INDIRECT("E"&(T60+70))="X",INDIRECT("E"&(U60+70))="X",INDIRECT("E"&(V60+70))="X"),1,0)+IF(AND(INDIRECT("F"&(T60+70))="X",INDIRECT("F"&(U60+70))="X",INDIRECT("F"&(V60+70))="X"),1,0)+IF(AND(INDIRECT("G"&(T60+70))="X",INDIRECT("G"&(U60+70))="X",INDIRECT("G"&(V60+70))="X"),1,0)+IF(AND(INDIRECT("H"&(T60+70))="X",INDIRECT("H"&(U60+70))="X",INDIRECT("H"&(V60+70))="X"),1,0)+IF(AND(INDIRECT("I"&(T60+70))="X",INDIRECT("I"&(U60+70))="X",INDIRECT("I"&(V60+70))="X"),1,0)+IF(AND(INDIRECT("J"&(T60+70))="X",INDIRECT("J"&(U60+70))="X",INDIRECT("J"&(V60+70))="X"),1,0)+IF(AND(INDIRECT("K"&(T60+70))="X",INDIRECT("K"&(U60+70))="X",INDIRECT("K"&(V60+70))="X"),1,0)+IF(AND(INDIRECT("L"&(T60+70))="X",INDIRECT("L"&(U60+70))="X",INDIRECT("L"&(V60+70))="X"),1,0)+IF(AND(INDIRECT("M"&(T60+70))="X",INDIRECT("M"&(U60+70))="X",INDIRECT("M"&(V60+70))="X"),1,0)+IF(AND(INDIRECT("N"&(T60+70))="X",INDIRECT("N"&(U60+70))="X",INDIRECT("N"&(V60+70))="X"),1,0)+IF(AND(INDIRECT("O"&(T60+70))="X",INDIRECT("O"&(U60+70))="X",INDIRECT("O"&(V60+70))="X"),1,0)+IF(AND(INDIRECT("P"&(T60+70))="X",INDIRECT("P"&(U60+70))="X",INDIRECT("P"&(V60+70))="X"),1,0)+IF(AND(INDIRECT("Q"&(T60+70))="X",INDIRECT("Q"&(U60+70))="X",INDIRECT("Q"&(V60+70))="X"),1,0)} -> 0 | Z60: 5 | AA60: =COUNTIF(W$55:W$418,Z60) -> 2
B61: 7 con | I61: =SUMPRODUCT(($H$37:$H$52=I$37:I$52)*($H$37:$H$52<>"")) -> 5 | J61: =SUMPRODUCT(($H$37:$H$52=J$37:J$52)*($H$37:$H$52<>"")) -> 3 | K61: =SUMPRODUCT(($H$37:$H$52=K$37:K$52)*($H$37:$H$52<>"")) -> 1 | L61: =SUMPRODUCT(($H$37:$H$52=L$37:L$52)*($H$37:$H$52<>"")) -> 5 | M61: =SUMPRODUCT(($H$37:$H$52=M$37:M$52)*($H$37:$H$52<>"")) -> 5 | N61: =SUMPRODUCT(($H$37:$H$52=N$37:N$52)*($H$37:$H$52<>"")) -> 5 | O61: =SUMPRODUCT(($H$37:$H$52=O$37:O$52)*($H$37:$H$52<>"")) -> 1 | Q61: 7 | R61: =COUNTIFS(C$55:O$67,Q61) -> 2 | T61: 1 | U61: 2 | V61: 9 | W61: {=IF(AND(INDIRECT("B"&(T61+70))="X",INDIRECT("B"&(U61+70))="X",INDIRECT("B"&(V61+70))="X"),1,0)+IF(AND(INDIRECT("C"&(T61+70))="X",INDIRECT("C"&(U61+70))="X",INDIRECT("C"&(V61+70))="X"),1,0)+IF(AND(INDIRECT("D"&(T61+70))="X",INDIRECT("D"&(U61+70))="X",INDIRECT("D"&(V61+70))="X"),1,0)+IF(AND(INDIRECT("E"&(T61+70))="X",INDIRECT("E"&(U61+70))="X",INDIRECT("E"&(V61+70))="X"),1,0)+IF(AND(INDIRECT("F"&(T61+70))="X",INDIRECT("F"&(U61+70))="X",INDIRECT("F"&(V61+70))="X"),1,0)+IF(AND(INDIRECT("G"&(T61+70))="X",INDIRECT("G"&(U61+70))="X",INDIRECT("G"&(V61+70))="X"),1,0)+IF(AND(INDIRECT("H"&(T61+70))="X",INDIRECT("H"&(U61+70))="X",INDIRECT("H"&(V61+70))="X"),1,0)+IF(AND(INDIRECT("I"&(T61+70))="X",INDIRECT("I"&(U61+70))="X",INDIRECT("I"&(V61+70))="X"),1,0)+IF(AND(INDIRECT("J"&(T61+70))="X",INDIRECT("J"&(U61+70))="X",INDIRECT("J"&(V61+70))="X"),1,0)+IF(AND(INDIRECT("K"&(T61+70))="X",INDIRECT("K"&(U61+70))="X",INDIRECT("K"&(V61+70))="X"),1,0)+IF(AND(INDIRECT("L"&(T61+70))="X",INDIRECT("L"&(U61+70))="X",INDIRECT("L"&(V61+70))="X"),1,0)+IF(AND(INDIRECT("M"&(T61+70))="X",INDIRECT("M"&(U61+70))="X",INDIRECT("M"&(V61+70))="X"),1,0)+IF(AND(INDIRECT("N"&(T61+70))="X",INDIRECT("N"&(U61+70))="X",INDIRECT("N"&(V61+70))="X"),1,0)+IF(AND(INDIRECT("O"&(T61+70))="X",INDIRECT("O"&(U61+70))="X",INDIRECT("O"&(V61+70))="X"),1,0)+IF(AND(INDIRECT("P"&(T61+70))="X",INDIRECT("P"&(U61+70))="X",INDIRECT("P"&(V61+70))="X"),1,0)+IF(AND(INDIRECT("Q"&(T61+70))="X",INDIRECT("Q"&(U61+70))="X",INDIRECT("Q"&(V61+70))="X"),1,0)} -> 1 | Z61: 6 | AA61: =COUNTIF(W$55:W$418,Z61) -> 0
B62: 8 con | J62: =SUMPRODUCT(($I$37:$I$52=J$37:J$52)*($I$37:$I$52<>"")) -> 2 | K62: =SUMPRODUCT(($I$37:$I$52=K$37:K$52)*($I$37:$I$52<>"")) -> 3 | L62: =SUMPRODUCT(($I$37:$I$52=L$37:L$52)*($I$37:$I$52<>"")) -> 1 | M62: =SUMPRODUCT(($I$37:$I$52=M$37:M$52)*($I$37:$I$52<>"")) -> 6 | N62: =SUMPRODUCT(($I$37:$I$52=N$37:N$52)*($I$37:$I$52<>"")) -> 4 | O62: =SUMPRODUCT(($I$37:$I$52=O$37:O$52)*($I$37:$I$52<>"")) -> 4 | Q62: 8 | R62: =COUNTIFS(C$55:O$67,Q62) -> 0 | T62: 1 | U62: 2 | V62: 10 | W62: {=IF(AND(INDIRECT("B"&(T62+70))="X",INDIRECT("B"&(U62+70))="X",INDIRECT("B"&(V62+70))="X"),1,0)+IF(AND(INDIRECT("C"&(T62+70))="X",INDIRECT("C"&(U62+70))="X",INDIRECT("C"&(V62+70))="X"),1,0)+IF(AND(INDIRECT("D"&(T62+70))="X",INDIRECT("D"&(U62+70))="X",INDIRECT("D"&(V62+70))="X"),1,0)+IF(AND(INDIRECT("E"&(T62+70))="X",INDIRECT("E"&(U62+70))="X",INDIRECT("E"&(V62+70))="X"),1,0)+IF(AND(INDIRECT("F"&(T62+70))="X",INDIRECT("F"&(U62+70))="X",INDIRECT("F"&(V62+70))="X"),1,0)+IF(AND(INDIRECT("G"&(T62+70))="X",INDIRECT("G"&(U62+70))="X",INDIRECT("G"&(V62+70))="X"),1,0)+IF(AND(INDIRECT("H"&(T62+70))="X",INDIRECT("H"&(U62+70))="X",INDIRECT("H"&(V62+70))="X"),1,0)+IF(AND(INDIRECT("I"&(T62+70))="X",INDIRECT("I"&(U62+70))="X",INDIRECT("I"&(V62+70))="X"),1,0)+IF(AND(INDIRECT("J"&(T62+70))="X",INDIRECT("J"&(U62+70))="X",INDIRECT("J"&(V62+70))="X"),1,0)+IF(AND(INDIRECT("K"&(T62+70))="X",INDIRECT("K"&(U62+70))="X",INDIRECT("K"&(V62+70))="X"),1,0)+IF(AND(INDIRECT("L"&(T62+70))="X",INDIRECT("L"&(U62+70))="X",INDIRECT("L"&(V62+70))="X"),1,0)+IF(AND(INDIRECT("M"&(T62+70))="X",INDIRECT("M"&(U62+70))="X",INDIRECT("M"&(V62+70))="X"),1,0)+IF(AND(INDIRECT("N"&(T62+70))="X",INDIRECT("N"&(U62+70))="X",INDIRECT("N"&(V62+70))="X"),1,0)+IF(AND(INDIRECT("O"&(T62+70))="X",INDIRECT("O"&(U62+70))="X",INDIRECT("O"&(V62+70))="X"),1,0)+IF(AND(INDIRECT("P"&(T62+70))="X",INDIRECT("P"&(U62+70))="X",INDIRECT("P"&(V62+70))="X"),1,0)+IF(AND(INDIRECT("Q"&(T62+70))="X",INDIRECT("Q"&(U62+70))="X",INDIRECT("Q"&(V62+70))="X"),1,0)} -> 0 | Z62: 7 | AA62: =COUNTIF(W$55:W$418,Z62) -> 0
B63: 9 con | K63: =SUMPRODUCT(($J$37:$J$52=K$37:K$52)*($J$37:$J$52<>"")) -> 3 | L63: =SUMPRODUCT(($J$37:$J$52=L$37:L$52)*($J$37:$J$52<>"")) -> 2 | M63: =SUMPRODUCT(($J$37:$J$52=M$37:M$52)*($J$37:$J$52<>"")) -> 2 | N63: =SUMPRODUCT(($J$37:$J$52=N$37:N$52)*($J$37:$J$52<>"")) -> 4 | O63: =SUMPRODUCT(($J$37:$J$52=O$37:O$52)*($J$37:$J$52<>"")) -> 1 | Q63: 9 | R63: =COUNTIFS(C$55:O$67,Q63) -> 0 | T63: 1 | U63: 2 | V63: 11 | W63: {=IF(AND(INDIRECT("B"&(T63+70))="X",INDIRECT("B"&(U63+70))="X",INDIRECT("B"&(V63+70))="X"),1,0)+IF(AND(INDIRECT("C"&(T63+70))="X",INDIRECT("C"&(U63+70))="X",INDIRECT("C"&(V63+70))="X"),1,0)+IF(AND(INDIRECT("D"&(T63+70))="X",INDIRECT("D"&(U63+70))="X",INDIRECT("D"&(V63+70))="X"),1,0)+IF(AND(INDIRECT("E"&(T63+70))="X",INDIRECT("E"&(U63+70))="X",INDIRECT("E"&(V63+70))="X"),1,0)+IF(AND(INDIRECT("F"&(T63+70))="X",INDIRECT("F"&(U63+70))="X",INDIRECT("F"&(V63+70))="X"),1,0)+IF(AND(INDIRECT("G"&(T63+70))="X",INDIRECT("G"&(U63+70))="X",INDIRECT("G"&(V63+70))="X"),1,0)+IF(AND(INDIRECT("H"&(T63+70))="X",INDIRECT("H"&(U63+70))="X",INDIRECT("H"&(V63+70))="X"),1,0)+IF(AND(INDIRECT("I"&(T63+70))="X",INDIRECT("I"&(U63+70))="X",INDIRECT("I"&(V63+70))="X"),1,0)+IF(AND(INDIRECT("J"&(T63+70))="X",INDIRECT("J"&(U63+70))="X",INDIRECT("J"&(V63+70))="X"),1,0)+IF(AND(INDIRECT("K"&(T63+70))="X",INDIRECT("K"&(U63+70))="X",INDIRECT("K"&(V63+70))="X"),1,0)+IF(AND(INDIRECT("L"&(T63+70))="X",INDIRECT("L"&(U63+70))="X",INDIRECT("L"&(V63+70))="X"),1,0)+IF(AND(INDIRECT("M"&(T63+70))="X",INDIRECT("M"&(U63+70))="X",INDIRECT("M"&(V63+70))="X"),1,0)+IF(AND(INDIRECT("N"&(T63+70))="X",INDIRECT("N"&(U63+70))="X",INDIRECT("N"&(V63+70))="X"),1,0)+IF(AND(INDIRECT("O"&(T63+70))="X",INDIRECT("O"&(U63+70))="X",INDIRECT("O"&(V63+70))="X"),1,0)+IF(AND(INDIRECT("P"&(T63+70))="X",INDIRECT("P"&(U63+70))="X",INDIRECT("P"&(V63+70))="X"),1,0)+IF(AND(INDIRECT("Q"&(T63+70))="X",INDIRECT("Q"&(U63+70))="X",INDIRECT("Q"&(V63+70))="X"),1,0)} -> 1 | Z63: 8 | AA63: =COUNTIF(W$55:W$418,Z63) -> 0
B64: 10 con | L64: =SUMPRODUCT(($K$37:$K$52=L$37:L$52)*($K$37:$K$52<>"")) -> 2 | M64: =SUMPRODUCT(($K$37:$K$52=M$37:M$52)*($K$37:$K$52<>"")) -> 2 | N64: =SUMPRODUCT(($K$37:$K$52=N$37:N$52)*($K$37:$K$52<>"")) -> 2 | O64: =SUMPRODUCT(($K$37:$K$52=O$37:O$52)*($K$37:$K$52<>"")) -> 3 | Q64: 10 | R64: =COUNTIFS(C$55:O$67,Q64) -> 0 | T64: 1 | U64: 2 | V64: 12 | W64: {=IF(AND(INDIRECT("B"&(T64+70))="X",INDIRECT("B"&(U64+70))="X",INDIRECT("B"&(V64+70))="X"),1,0)+IF(AND(INDIRECT("C"&(T64+70))="X",INDIRECT("C"&(U64+70))="X",INDIRECT("C"&(V64+70))="X"),1,0)+IF(AND(INDIRECT("D"&(T64+70))="X",INDIRECT("D"&(U64+70))="X",INDIRECT("D"&(V64+70))="X"),1,0)+IF(AND(INDIRECT("E"&(T64+70))="X",INDIRECT("E"&(U64+70))="X",INDIRECT("E"&(V64+70))="X"),1,0)+IF(AND(INDIRECT("F"&(T64+70))="X",INDIRECT("F"&(U64+70))="X",INDIRECT("F"&(V64+70))="X"),1,0)+IF(AND(INDIRECT("G"&(T64+70))="X",INDIRECT("G"&(U64+70))="X",INDIRECT("G"&(V64+70))="X"),1,0)+IF(AND(INDIRECT("H"&(T64+70))="X",INDIRECT("H"&(U64+70))="X",INDIRECT("H"&(V64+70))="X"),1,0)+IF(AND(INDIRECT("I"&(T64+70))="X",INDIRECT("I"&(U64+70))="X",INDIRECT("I"&(V64+70))="X"),1,0)+IF(AND(INDIRECT("J"&(T64+70))="X",INDIRECT("J"&(U64+70))="X",INDIRECT("J"&(V64+70))="X"),1,0)+IF(AND(INDIRECT("K"&(T64+70))="X",INDIRECT("K"&(U64+70))="X",INDIRECT("K"&(V64+70))="X"),1,0)+IF(AND(INDIRECT("L"&(T64+70))="X",INDIRECT("L"&(U64+70))="X",INDIRECT("L"&(V64+70))="X"),1,0)+IF(AND(INDIRECT("M"&(T64+70))="X",INDIRECT("M"&(U64+70))="X",INDIRECT("M"&(V64+70))="X"),1,0)+IF(AND(INDIRECT("N"&(T64+70))="X",INDIRECT("N"&(U64+70))="X",INDIRECT("N"&(V64+70))="X"),1,0)+IF(AND(INDIRECT("O"&(T64+70))="X",INDIRECT("O"&(U64+70))="X",INDIRECT("O"&(V64+70))="X"),1,0)+IF(AND(INDIRECT("P"&(T64+70))="X",INDIRECT("P"&(U64+70))="X",INDIRECT("P"&(V64+70))="X"),1,0)+IF(AND(INDIRECT("Q"&(T64+70))="X",INDIRECT("Q"&(U64+70))="X",INDIRECT("Q"&(V64+70))="X"),1,0)} -> 0 | Z64: 9 | AA64: =COUNTIF(W$55:W$418,Z64) -> 0
B65: 11 con | M65: =SUMPRODUCT(($L$37:$L$52=M$37:M$52)*($L$37:$L$52<>"")) -> 3 | N65: =SUMPRODUCT(($L$37:$L$52=N$37:N$52)*($L$37:$L$52<>"")) -> 4 | O65: =SUMPRODUCT(($L$37:$L$52=O$37:O$52)*($L$37:$L$52<>"")) -> 1 | T65: 1 | U65: 2 | V65: 13 | W65: {=IF(AND(INDIRECT("B"&(T65+70))="X",INDIRECT("B"&(U65+70))="X",INDIRECT("B"&(V65+70))="X"),1,0)+IF(AND(INDIRECT("C"&(T65+70))="X",INDIRECT("C"&(U65+70))="X",INDIRECT("C"&(V65+70))="X"),1,0)+IF(AND(INDIRECT("D"&(T65+70))="X",INDIRECT("D"&(U65+70))="X",INDIRECT("D"&(V65+70))="X"),1,0)+IF(AND(INDIRECT("E"&(T65+70))="X",INDIRECT("E"&(U65+70))="X",INDIRECT("E"&(V65+70))="X"),1,0)+IF(AND(INDIRECT("F"&(T65+70))="X",INDIRECT("F"&(U65+70))="X",INDIRECT("F"&(V65+70))="X"),1,0)+IF(AND(INDIRECT("G"&(T65+70))="X",INDIRECT("G"&(U65+70))="X",INDIRECT("G"&(V65+70))="X"),1,0)+IF(AND(INDIRECT("H"&(T65+70))="X",INDIRECT("H"&(U65+70))="X",INDIRECT("H"&(V65+70))="X"),1,0)+IF(AND(INDIRECT("I"&(T65+70))="X",INDIRECT("I"&(U65+70))="X",INDIRECT("I"&(V65+70))="X"),1,0)+IF(AND(INDIRECT("J"&(T65+70))="X",INDIRECT("J"&(U65+70))="X",INDIRECT("J"&(V65+70))="X"),1,0)+IF(AND(INDIRECT("K"&(T65+70))="X",INDIRECT("K"&(U65+70))="X",INDIRECT("K"&(V65+70))="X"),1,0)+IF(AND(INDIRECT("L"&(T65+70))="X",INDIRECT("L"&(U65+70))="X",INDIRECT("L"&(V65+70))="X"),1,0)+IF(AND(INDIRECT("M"&(T65+70))="X",INDIRECT("M"&(U65+70))="X",INDIRECT("M"&(V65+70))="X"),1,0)+IF(AND(INDIRECT("N"&(T65+70))="X",INDIRECT("N"&(U65+70))="X",INDIRECT("N"&(V65+70))="X"),1,0)+IF(AND(INDIRECT("O"&(T65+70))="X",INDIRECT("O"&(U65+70))="X",INDIRECT("O"&(V65+70))="X"),1,0)+IF(AND(INDIRECT("P"&(T65+70))="X",INDIRECT("P"&(U65+70))="X",INDIRECT("P"&(V65+70))="X"),1,0)+IF(AND(INDIRECT("Q"&(T65+70))="X",INDIRECT("Q"&(U65+70))="X",INDIRECT("Q"&(V65+70))="X"),1,0)} -> 1
B66: 12 con | N66: =SUMPRODUCT(($M$37:$M$52=N$37:N$52)*($M$37:$M$52<>"")) -> 4 | O66: =SUMPRODUCT(($M$37:$M$52=O$37:O$52)*($M$37:$M$52<>"")) -> 4 | T66: 1 | U66: 2 | V66: 14 | W66: {=IF(AND(INDIRECT("B"&(T66+70))="X",INDIRECT("B"&(U66+70))="X",INDIRECT("B"&(V66+70))="X"),1,0)+IF(AND(INDIRECT("C"&(T66+70))="X",INDIRECT("C"&(U66+70))="X",INDIRECT("C"&(V66+70))="X"),1,0)+IF(AND(INDIRECT("D"&(T66+70))="X",INDIRECT("D"&(U66+70))="X",INDIRECT("D"&(V66+70))="X"),1,0)+IF(AND(INDIRECT("E"&(T66+70))="X",INDIRECT("E"&(U66+70))="X",INDIRECT("E"&(V66+70))="X"),1,0)+IF(AND(INDIRECT("F"&(T66+70))="X",INDIRECT("F"&(U66+70))="X",INDIRECT("F"&(V66+70))="X"),1,0)+IF(AND(INDIRECT("G"&(T66+70))="X",INDIRECT("G"&(U66+70))="X",INDIRECT("G"&(V66+70))="X"),1,0)+IF(AND(INDIRECT("H"&(T66+70))="X",INDIRECT("H"&(U66+70))="X",INDIRECT("H"&(V66+70))="X"),1,0)+IF(AND(INDIRECT("I"&(T66+70))="X",INDIRECT("I"&(U66+70))="X",INDIRECT("I"&(V66+70))="X"),1,0)+IF(AND(INDIRECT("J"&(T66+70))="X",INDIRECT("J"&(U66+70))="X",INDIRECT("J"&(V66+70))="X"),1,0)+IF(AND(INDIRECT("K"&(T66+70))="X",INDIRECT("K"&(U66+70))="X",INDIRECT("K"&(V66+70))="X"),1,0)+IF(AND(INDIRECT("L"&(T66+70))="X",INDIRECT("L"&(U66+70))="X",INDIRECT("L"&(V66+70))="X"),1,0)+IF(AND(INDIRECT("M"&(T66+70))="X",INDIRECT("M"&(U66+70))="X",INDIRECT("M"&(V66+70))="X"),1,0)+IF(AND(INDIRECT("N"&(T66+70))="X",INDIRECT("N"&(U66+70))="X",INDIRECT("N"&(V66+70))="X"),1,0)+IF(AND(INDIRECT("O"&(T66+70))="X",INDIRECT("O"&(U66+70))="X",INDIRECT("O"&(V66+70))="X"),1,0)+IF(AND(INDIRECT("P"&(T66+70))="X",INDIRECT("P"&(U66+70))="X",INDIRECT("P"&(V66+70))="X"),1,0)+IF(AND(INDIRECT("Q"&(T66+70))="X",INDIRECT("Q"&(U66+70))="X",INDIRECT("Q"&(V66+70))="X"),1,0)} -> 0
B67: 13 con | O67: =SUMPRODUCT(($N$37:$N$52=O$37:O$52)*($N$37:$N$52<>"")) -> 1 | T67: 1 | U67: 3 | V67: 4 | W67: {=IF(AND(INDIRECT("B"&(T67+70))="X",INDIRECT("B"&(U67+70))="X",INDIRECT("B"&(V67+70))="X"),1,0)+IF(AND(INDIRECT("C"&(T67+70))="X",INDIRECT("C"&(U67+70))="X",INDIRECT("C"&(V67+70))="X"),1,0)+IF(AND(INDIRECT("D"&(T67+70))="X",INDIRECT("D"&(U67+70))="X",INDIRECT("D"&(V67+70))="X"),1,0)+IF(AND(INDIRECT("E"&(T67+70))="X",INDIRECT("E"&(U67+70))="X",INDIRECT("E"&(V67+70))="X"),1,0)+IF(AND(INDIRECT("F"&(T67+70))="X",INDIRECT("F"&(U67+70))="X",INDIRECT("F"&(V67+70))="X"),1,0)+IF(AND(INDIRECT("G"&(T67+70))="X",INDIRECT("G"&(U67+70))="X",INDIRECT("G"&(V67+70))="X"),1,0)+IF(AND(INDIRECT("H"&(T67+70))="X",INDIRECT("H"&(U67+70))="X",INDIRECT("H"&(V67+70))="X"),1,0)+IF(AND(INDIRECT("I"&(T67+70))="X",INDIRECT("I"&(U67+70))="X",INDIRECT("I"&(V67+70))="X"),1,0)+IF(AND(INDIRECT("J"&(T67+70))="X",INDIRECT("J"&(U67+70))="X",INDIRECT("J"&(V67+70))="X"),1,0)+IF(AND(INDIRECT("K"&(T67+70))="X",INDIRECT("K"&(U67+70))="X",INDIRECT("K"&(V67+70))="X"),1,0)+IF(AND(INDIRECT("L"&(T67+70))="X",INDIRECT("L"&(U67+70))="X",INDIRECT("L"&(V67+70))="X"),1,0)+IF(AND(INDIRECT("M"&(T67+70))="X",INDIRECT("M"&(U67+70))="X",INDIRECT("M"&(V67+70))="X"),1,0)+IF(AND(INDIRECT("N"&(T67+70))="X",INDIRECT("N"&(U67+70))="X",INDIRECT("N"&(V67+70))="X"),1,0)+IF(AND(INDIRECT("O"&(T67+70))="X",INDIRECT("O"&(U67+70))="X",INDIRECT("O"&(V67+70))="X"),1,0)+IF(AND(INDIRECT("P"&(T67+70))="X",INDIRECT("P"&(U67+70))="X",INDIRECT("P"&(V67+70))="X"),1,0)+IF(AND(INDIRECT("Q"&(T67+70))="X",INDIRECT("Q"&(U67+70))="X",INDIRECT("Q"&(V67+70))="X"),1,0)} -> 2
T68: 1 | U68: 3 | V68: 5 | W68: {=IF(AND(INDIRECT("B"&(T68+70))="X",INDIRECT("B"&(U68+70))="X",INDIRECT("B"&(V68+70))="X"),1,0)+IF(AND(INDIRECT("C"&(T68+70))="X",INDIRECT("C"&(U68+70))="X",INDIRECT("C"&(V68+70))="X"),1,0)+IF(AND(INDIRECT("D"&(T68+70))="X",INDIRECT("D"&(U68+70))="X",INDIRECT("D"&(V68+70))="X"),1,0)+IF(AND(INDIRECT("E"&(T68+70))="X",INDIRECT("E"&(U68+70))="X",INDIRECT("E"&(V68+70))="X"),1,0)+IF(AND(INDIRECT("F"&(T68+70))="X",INDIRECT("F"&(U68+70))="X",INDIRECT("F"&(V68+70))="X"),1,0)+IF(AND(INDIRECT("G"&(T68+70))="X",INDIRECT("G"&(U68+70))="X",INDIRECT("G"&(V68+70))="X"),1,0)+IF(AND(INDIRECT("H"&(T68+70))="X",INDIRECT("H"&(U68+70))="X",INDIRECT("H"&(V68+70))="X"),1,0)+IF(AND(INDIRECT("I"&(T68+70))="X",INDIRECT("I"&(U68+70))="X",INDIRECT("I"&(V68+70))="X"),1,0)+IF(AND(INDIRECT("J"&(T68+70))="X",INDIRECT("J"&(U68+70))="X",INDIRECT("J"&(V68+70))="X"),1,0)+IF(AND(INDIRECT("K"&(T68+70))="X",INDIRECT("K"&(U68+70))="X",INDIRECT("K"&(V68+70))="X"),1,0)+IF(AND(INDIRECT("L"&(T68+70))="X",INDIRECT("L"&(U68+70))="X",INDIRECT("L"&(V68+70))="X"),1,0)+IF(AND(INDIRECT("M"&(T68+70))="X",INDIRECT("M"&(U68+70))="X",INDIRECT("M"&(V68+70))="X"),1,0)+IF(AND(INDIRECT("N"&(T68+70))="X",INDIRECT("N"&(U68+70))="X",INDIRECT("N"&(V68+70))="X"),1,0)+IF(AND(INDIRECT("O"&(T68+70))="X",INDIRECT("O"&(U68+70))="X",INDIRECT("O"&(V68+70))="X"),1,0)+IF(AND(INDIRECT("P"&(T68+70))="X",INDIRECT("P"&(U68+70))="X",INDIRECT("P"&(V68+70))="X"),1,0)+IF(AND(INDIRECT("Q"&(T68+70))="X",INDIRECT("Q"&(U68+70))="X",INDIRECT("Q"&(V68+70))="X"),1,0)} -> 1
T69: 1 | U69: 3 | V69: 6 | W69: {=IF(AND(INDIRECT("B"&(T69+70))="X",INDIRECT("B"&(U69+70))="X",INDIRECT("B"&(V69+70))="X"),1,0)+IF(AND(INDIRECT("C"&(T69+70))="X",INDIRECT("C"&(U69+70))="X",INDIRECT("C"&(V69+70))="X"),1,0)+IF(AND(INDIRECT("D"&(T69+70))="X",INDIRECT("D"&(U69+70))="X",INDIRECT("D"&(V69+70))="X"),1,0)+IF(AND(INDIRECT("E"&(T69+70))="X",INDIRECT("E"&(U69+70))="X",INDIRECT("E"&(V69+70))="X"),1,0)+IF(AND(INDIRECT("F"&(T69+70))="X",INDIRECT("F"&(U69+70))="X",INDIRECT("F"&(V69+70))="X"),1,0)+IF(AND(INDIRECT("G"&(T69+70))="X",INDIRECT("G"&(U69+70))="X",INDIRECT("G"&(V69+70))="X"),1,0)+IF(AND(INDIRECT("H"&(T69+70))="X",INDIRECT("H"&(U69+70))="X",INDIRECT("H"&(V69+70))="X"),1,0)+IF(AND(INDIRECT("I"&(T69+70))="X",INDIRECT("I"&(U69+70))="X",INDIRECT("I"&(V69+70))="X"),1,0)+IF(AND(INDIRECT("J"&(T69+70))="X",INDIRECT("J"&(U69+70))="X",INDIRECT("J"&(V69+70))="X"),1,0)+IF(AND(INDIRECT("K"&(T69+70))="X",INDIRECT("K"&(U69+70))="X",INDIRECT("K"&(V69+70))="X"),1,0)+IF(AND(INDIRECT("L"&(T69+70))="X",INDIRECT("L"&(U69+70))="X",INDIRECT("L"&(V69+70))="X"),1,0)+IF(AND(INDIRECT("M"&(T69+70))="X",INDIRECT("M"&(U69+70))="X",INDIRECT("M"&(V69+70))="X"),1,0)+IF(AND(INDIRECT("N"&(T69+70))="X",INDIRECT("N"&(U69+70))="X",INDIRECT("N"&(V69+70))="X"),1,0)+IF(AND(INDIRECT("O"&(T69+70))="X",INDIRECT("O"&(U69+70))="X",INDIRECT("O"&(V69+70))="X"),1,0)+IF(AND(INDIRECT("P"&(T69+70))="X",INDIRECT("P"&(U69+70))="X",INDIRECT("P"&(V69+70))="X"),1,0)+IF(AND(INDIRECT("Q"&(T69+70))="X",INDIRECT("Q"&(U69+70))="X",INDIRECT("Q"&(V69+70))="X"),1,0)} -> 1
B70: 1 | C70: 2 | D70: 3 | E70: 4 | F70: 5 | G70: 6 | H70: 7 | I70: 8 | J70: 9 | K70: 10 | L70: 11 | M70: 12 | N70: 13 | O70: 14 | P70: 15 | Q70: 16 | T70: 1 | U70: 3 | V70: 7 | W70: {=IF(AND(INDIRECT("B"&(T70+70))="X",INDIRECT("B"&(U70+70))="X",INDIRECT("B"&(V70+70))="X"),1,0)+IF(AND(INDIRECT("C"&(T70+70))="X",INDIRECT("C"&(U70+70))="X",INDIRECT("C"&(V70+70))="X"),1,0)+IF(AND(INDIRECT("D"&(T70+70))="X",INDIRECT("D"&(U70+70))="X",INDIRECT("D"&(V70+70))="X"),1,0)+IF(AND(INDIRECT("E"&(T70+70))="X",INDIRECT("E"&(U70+70))="X",INDIRECT("E"&(V70+70))="X"),1,0)+IF(AND(INDIRECT("F"&(T70+70))="X",INDIRECT("F"&(U70+70))="X",INDIRECT("F"&(V70+70))="X"),1,0)+IF(AND(INDIRECT("G"&(T70+70))="X",INDIRECT("G"&(U70+70))="X",INDIRECT("G"&(V70+70))="X"),1,0)+IF(AND(INDIRECT("H"&(T70+70))="X",INDIRECT("H"&(U70+70))="X",INDIRECT("H"&(V70+70))="X"),1,0)+IF(AND(INDIRECT("I"&(T70+70))="X",INDIRECT("I"&(U70+70))="X",INDIRECT("I"&(V70+70))="X"),1,0)+IF(AND(INDIRECT("J"&(T70+70))="X",INDIRECT("J"&(U70+70))="X",INDIRECT("J"&(V70+70))="X"),1,0)+IF(AND(INDIRECT("K"&(T70+70))="X",INDIRECT("K"&(U70+70))="X",INDIRECT("K"&(V70+70))="X"),1,0)+IF(AND(INDIRECT("L"&(T70+70))="X",INDIRECT("L"&(U70+70))="X",INDIRECT("L"&(V70+70))="X"),1,0)+IF(AND(INDIRECT("M"&(T70+70))="X",INDIRECT("M"&(U70+70))="X",INDIRECT("M"&(V70+70))="X"),1,0)+IF(AND(INDIRECT("N"&(T70+70))="X",INDIRECT("N"&(U70+70))="X",INDIRECT("N"&(V70+70))="X"),1,0)+IF(AND(INDIRECT("O"&(T70+70))="X",INDIRECT("O"&(U70+70))="X",INDIRECT("O"&(V70+70))="X"),1,0)+IF(AND(INDIRECT("P"&(T70+70))="X",INDIRECT("P"&(U70+70))="X",INDIRECT("P"&(V70+70))="X"),1,0)+IF(AND(INDIRECT("Q"&(T70+70))="X",INDIRECT("Q"&(U70+70))="X",INDIRECT("Q"&(V70+70))="X"),1,0)} -> 3
A71: 1 | B71: =B37 -> X | C71: =B38 | D71: =B39 -> X | E71: =B40 | F71: =B41 | G71: =B42 -> X | H71: =B43 | I71: =B44 | J71: =B45 -> X | K71: =B46 -> X | L71: =B47 | M71: =B48 -> X | N71: =B49 | O71: =B50 -> X | P71: =B51 -> X | Q71: =B52 -> X | T71: 1 | U71: 3 | V71: 8 | W71: {=IF(AND(INDIRECT("B"&(T71+70))="X",INDIRECT("B"&(U71+70))="X",INDIRECT("B"&(V71+70))="X"),1,0)+IF(AND(INDIRECT("C"&(T71+70))="X",INDIRECT("C"&(U71+70))="X",INDIRECT("C"&(V71+70))="X"),1,0)+IF(AND(INDIRECT("D"&(T71+70))="X",INDIRECT("D"&(U71+70))="X",INDIRECT("D"&(V71+70))="X"),1,0)+IF(AND(INDIRECT("E"&(T71+70))="X",INDIRECT("E"&(U71+70))="X",INDIRECT("E"&(V71+70))="X"),1,0)+IF(AND(INDIRECT("F"&(T71+70))="X",INDIRECT("F"&(U71+70))="X",INDIRECT("F"&(V71+70))="X"),1,0)+IF(AND(INDIRECT("G"&(T71+70))="X",INDIRECT("G"&(U71+70))="X",INDIRECT("G"&(V71+70))="X"),1,0)+IF(AND(INDIRECT("H"&(T71+70))="X",INDIRECT("H"&(U71+70))="X",INDIRECT("H"&(V71+70))="X"),1,0)+IF(AND(INDIRECT("I"&(T71+70))="X",INDIRECT("I"&(U71+70))="X",INDIRECT("I"&(V71+70))="X"),1,0)+IF(AND(INDIRECT("J"&(T71+70))="X",INDIRECT("J"&(U71+70))="X",INDIRECT("J"&(V71+70))="X"),1,0)+IF(AND(INDIRECT("K"&(T71+70))="X",INDIRECT("K"&(U71+70))="X",INDIRECT("K"&(V71+70))="X"),1,0)+IF(AND(INDIRECT("L"&(T71+70))="X",INDIRECT("L"&(U71+70))="X",INDIRECT("L"&(V71+70))="X"),1,0)+IF(AND(INDIRECT("M"&(T71+70))="X",INDIRECT("M"&(U71+70))="X",INDIRECT("M"&(V71+70))="X"),1,0)+IF(AND(INDIRECT("N"&(T71+70))="X",INDIRECT("N"&(U71+70))="X",INDIRECT("N"&(V71+70))="X"),1,0)+IF(AND(INDIRECT("O"&(T71+70))="X",INDIRECT("O"&(U71+70))="X",INDIRECT("O"&(V71+70))="X"),1,0)+IF(AND(INDIRECT("P"&(T71+70))="X",INDIRECT("P"&(U71+70))="X",INDIRECT("P"&(V71+70))="X"),1,0)+IF(AND(INDIRECT("Q"&(T71+70))="X",INDIRECT("Q"&(U71+70))="X",INDIRECT("Q"&(V71+70))="X"),1,0)} -> 3
A72: 2 | B72: =C37 | C72: =C38 | D72: =C39 -> X | E72: =C40 | F72: =C41 -> X | G72: =C42 -> X | H72: =C43 | I72: =C44 -> X | J72: =C45 | K72: =C46 | L72: =C47 | M72: =C48 | N72: =C49 | O72: =C50 | P72: =C51 | Q72: =C52 | T72: 1 | U72: 3 | V72: 9 | W72: {=IF(AND(INDIRECT("B"&(T72+70))="X",INDIRECT("B"&(U72+70))="X",INDIRECT("B"&(V72+70))="X"),1,0)+IF(AND(INDIRECT("C"&(T72+70))="X",INDIRECT("C"&(U72+70))="X",INDIRECT("C"&(V72+70))="X"),1,0)+IF(AND(INDIRECT("D"&(T72+70))="X",INDIRECT("D"&(U72+70))="X",INDIRECT("D"&(V72+70))="X"),1,0)+IF(AND(INDIRECT("E"&(T72+70))="X",INDIRECT("E"&(U72+70))="X",INDIRECT("E"&(V72+70))="X"),1,0)+IF(AND(INDIRECT("F"&(T72+70))="X",INDIRECT("F"&(U72+70))="X",INDIRECT("F"&(V72+70))="X"),1,0)+IF(AND(INDIRECT("G"&(T72+70))="X",INDIRECT("G"&(U72+70))="X",INDIRECT("G"&(V72+70))="X"),1,0)+IF(AND(INDIRECT("H"&(T72+70))="X",INDIRECT("H"&(U72+70))="X",INDIRECT("H"&(V72+70))="X"),1,0)+IF(AND(INDIRECT("I"&(T72+70))="X",INDIRECT("I"&(U72+70))="X",INDIRECT("I"&(V72+70))="X"),1,0)+IF(AND(INDIRECT("J"&(T72+70))="X",INDIRECT("J"&(U72+70))="X",INDIRECT("J"&(V72+70))="X"),1,0)+IF(AND(INDIRECT("K"&(T72+70))="X",INDIRECT("K"&(U72+70))="X",INDIRECT("K"&(V72+70))="X"),1,0)+IF(AND(INDIRECT("L"&(T72+70))="X",INDIRECT("L"&(U72+70))="X",INDIRECT("L"&(V72+70))="X"),1,0)+IF(AND(INDIRECT("M"&(T72+70))="X",INDIRECT("M"&(U72+70))="X",INDIRECT("M"&(V72+70))="X"),1,0)+IF(AND(INDIRECT("N"&(T72+70))="X",INDIRECT("N"&(U72+70))="X",INDIRECT("N"&(V72+70))="X"),1,0)+IF(AND(INDIRECT("O"&(T72+70))="X",INDIRECT("O"&(U72+70))="X",INDIRECT("O"&(V72+70))="X"),1,0)+IF(AND(INDIRECT("P"&(T72+70))="X",INDIRECT("P"&(U72+70))="X",INDIRECT("P"&(V72+70))="X"),1,0)+IF(AND(INDIRECT("Q"&(T72+70))="X",INDIRECT("Q"&(U72+70))="X",INDIRECT("Q"&(V72+70))="X"),1,0)} -> 0
A73: 3 | B73: =D37 | C73: =D38 -> X | D73: =D39 | E73: =D40 -> X | F73: =D41 | G73: =D42 | H73: =D43 -> X | I73: =D44 | J73: =D45 -> X | K73: =D46 | L73: =D47 -> X | M73: =D48 -> X | N73: =D49 -> X | O73: =D50 | P73: =D51 -> X | Q73: =D52 -> X | T73: 1 | U73: 3 | V73: 10 | W73: {=IF(AND(INDIRECT("B"&(T73+70))="X",INDIRECT("B"&(U73+70))="X",INDIRECT("B"&(V73+70))="X"),1,0)+IF(AND(INDIRECT("C"&(T73+70))="X",INDIRECT("C"&(U73+70))="X",INDIRECT("C"&(V73+70))="X"),1,0)+IF(AND(INDIRECT("D"&(T73+70))="X",INDIRECT("D"&(U73+70))="X",INDIRECT("D"&(V73+70))="X"),1,0)+IF(AND(INDIRECT("E"&(T73+70))="X",INDIRECT("E"&(U73+70))="X",INDIRECT("E"&(V73+70))="X"),1,0)+IF(AND(INDIRECT("F"&(T73+70))="X",INDIRECT("F"&(U73+70))="X",INDIRECT("F"&(V73+70))="X"),1,0)+IF(AND(INDIRECT("G"&(T73+70))="X",INDIRECT("G"&(U73+70))="X",INDIRECT("G"&(V73+70))="X"),1,0)+IF(AND(INDIRECT("H"&(T73+70))="X",INDIRECT("H"&(U73+70))="X",INDIRECT("H"&(V73+70))="X"),1,0)+IF(AND(INDIRECT("I"&(T73+70))="X",INDIRECT("I"&(U73+70))="X",INDIRECT("I"&(V73+70))="X"),1,0)+IF(AND(INDIRECT("J"&(T73+70))="X",INDIRECT("J"&(U73+70))="X",INDIRECT("J"&(V73+70))="X"),1,0)+IF(AND(INDIRECT("K"&(T73+70))="X",INDIRECT("K"&(U73+70))="X",INDIRECT("K"&(V73+70))="X"),1,0)+IF(AND(INDIRECT("L"&(T73+70))="X",INDIRECT("L"&(U73+70))="X",INDIRECT("L"&(V73+70))="X"),1,0)+IF(AND(INDIRECT("M"&(T73+70))="X",INDIRECT("M"&(U73+70))="X",INDIRECT("M"&(V73+70))="X"),1,0)+IF(AND(INDIRECT("N"&(T73+70))="X",INDIRECT("N"&(U73+70))="X",INDIRECT("N"&(V73+70))="X"),1,0)+IF(AND(INDIRECT("O"&(T73+70))="X",INDIRECT("O"&(U73+70))="X",INDIRECT("O"&(V73+70))="X"),1,0)+IF(AND(INDIRECT("P"&(T73+70))="X",INDIRECT("P"&(U73+70))="X",INDIRECT("P"&(V73+70))="X"),1,0)+IF(AND(INDIRECT("Q"&(T73+70))="X",INDIRECT("Q"&(U73+70))="X",INDIRECT("Q"&(V73+70))="X"),1,0)} -> 0
A74: 4 | B74: =E37 | C74: =E38 | D74: =E39 -> X | E74: =E40 | F74: =E41 -> X | G74: =E42 -> X | H74: =E43 -> X | I74: =E44 | J74: =E45 -> X | K74: =E46 | L74: =E47 -> X | M74: =E48 | N74: =E49 -> X | O74: =E50 -> X | P74: =E51 | Q74: =E52 -> X | T74: 1 | U74: 3 | V74: 11 | W74: {=IF(AND(INDIRECT("B"&(T74+70))="X",INDIRECT("B"&(U74+70))="X",INDIRECT("B"&(V74+70))="X"),1,0)+IF(AND(INDIRECT("C"&(T74+70))="X",INDIRECT("C"&(U74+70))="X",INDIRECT("C"&(V74+70))="X"),1,0)+IF(AND(INDIRECT("D"&(T74+70))="X",INDIRECT("D"&(U74+70))="X",INDIRECT("D"&(V74+70))="X"),1,0)+IF(AND(INDIRECT("E"&(T74+70))="X",INDIRECT("E"&(U74+70))="X",INDIRECT("E"&(V74+70))="X"),1,0)+IF(AND(INDIRECT("F"&(T74+70))="X",INDIRECT("F"&(U74+70))="X",INDIRECT("F"&(V74+70))="X"),1,0)+IF(AND(INDIRECT("G"&(T74+70))="X",INDIRECT("G"&(U74+70))="X",INDIRECT("G"&(V74+70))="X"),1,0)+IF(AND(INDIRECT("H"&(T74+70))="X",INDIRECT("H"&(U74+70))="X",INDIRECT("H"&(V74+70))="X"),1,0)+IF(AND(INDIRECT("I"&(T74+70))="X",INDIRECT("I"&(U74+70))="X",INDIRECT("I"&(V74+70))="X"),1,0)+IF(AND(INDIRECT("J"&(T74+70))="X",INDIRECT("J"&(U74+70))="X",INDIRECT("J"&(V74+70))="X"),1,0)+IF(AND(INDIRECT("K"&(T74+70))="X",INDIRECT("K"&(U74+70))="X",INDIRECT("K"&(V74+70))="X"),1,0)+IF(AND(INDIRECT("L"&(T74+70))="X",INDIRECT("L"&(U74+70))="X",INDIRECT("L"&(V74+70))="X"),1,0)+IF(AND(INDIRECT("M"&(T74+70))="X",INDIRECT("M"&(U74+70))="X",INDIRECT("M"&(V74+70))="X"),1,0)+IF(AND(INDIRECT("N"&(T74+70))="X",INDIRECT("N"&(U74+70))="X",INDIRECT("N"&(V74+70))="X"),1,0)+IF(AND(INDIRECT("O"&(T74+70))="X",INDIRECT("O"&(U74+70))="X",INDIRECT("O"&(V74+70))="X"),1,0)+IF(AND(INDIRECT("P"&(T74+70))="X",INDIRECT("P"&(U74+70))="X",INDIRECT("P"&(V74+70))="X"),1,0)+IF(AND(INDIRECT("Q"&(T74+70))="X",INDIRECT("Q"&(U74+70))="X",INDIRECT("Q"&(V74+70))="X"),1,0)} -> 1
A75: 5 | B75: =F37 -> X | C75: =F38 | D75: =F39 -> X | E75: =F40 | F75: =F41 | G75: =F42 -> X | H75: =F43 | I75: =F44 -> X | J75: =F45 | K75: =F46 -> X | L75: =F47 -> X | M75: =F48 -> X | N75: =F49 | O75: =F50 -> X | P75: =F51 | Q75: =F52 | T75: 1 | U75: 3 | V75: 12 | W75: {=IF(AND(INDIRECT("B"&(T75+70))="X",INDIRECT("B"&(U75+70))="X",INDIRECT("B"&(V75+70))="X"),1,0)+IF(AND(INDIRECT("C"&(T75+70))="X",INDIRECT("C"&(U75+70))="X",INDIRECT("C"&(V75+70))="X"),1,0)+IF(AND(INDIRECT("D"&(T75+70))="X",INDIRECT("D"&(U75+70))="X",INDIRECT("D"&(V75+70))="X"),1,0)+IF(AND(INDIRECT("E"&(T75+70))="X",INDIRECT("E"&(U75+70))="X",INDIRECT("E"&(V75+70))="X"),1,0)+IF(AND(INDIRECT("F"&(T75+70))="X",INDIRECT("F"&(U75+70))="X",INDIRECT("F"&(V75+70))="X"),1,0)+IF(AND(INDIRECT("G"&(T75+70))="X",INDIRECT("G"&(U75+70))="X",INDIRECT("G"&(V75+70))="X"),1,0)+IF(AND(INDIRECT("H"&(T75+70))="X",INDIRECT("H"&(U75+70))="X",INDIRECT("H"&(V75+70))="X"),1,0)+IF(AND(INDIRECT("I"&(T75+70))="X",INDIRECT("I"&(U75+70))="X",INDIRECT("I"&(V75+70))="X"),1,0)+IF(AND(INDIRECT("J"&(T75+70))="X",INDIRECT("J"&(U75+70))="X",INDIRECT("J"&(V75+70))="X"),1,0)+IF(AND(INDIRECT("K"&(T75+70))="X",INDIRECT("K"&(U75+70))="X",INDIRECT("K"&(V75+70))="X"),1,0)+IF(AND(INDIRECT("L"&(T75+70))="X",INDIRECT("L"&(U75+70))="X",INDIRECT("L"&(V75+70))="X"),1,0)+IF(AND(INDIRECT("M"&(T75+70))="X",INDIRECT("M"&(U75+70))="X",INDIRECT("M"&(V75+70))="X"),1,0)+IF(AND(INDIRECT("N"&(T75+70))="X",INDIRECT("N"&(U75+70))="X",INDIRECT("N"&(V75+70))="X"),1,0)+IF(AND(INDIRECT("O"&(T75+70))="X",INDIRECT("O"&(U75+70))="X",INDIRECT("O"&(V75+70))="X"),1,0)+IF(AND(INDIRECT("P"&(T75+70))="X",INDIRECT("P"&(U75+70))="X",INDIRECT("P"&(V75+70))="X"),1,0)+IF(AND(INDIRECT("Q"&(T75+70))="X",INDIRECT("Q"&(U75+70))="X",INDIRECT("Q"&(V75+70))="X"),1,0)} -> 3
A76: 6 | B76: =G37 -> X | C76: =G38 | D76: =G39 | E76: =G40 | F76: =G41 -> X | G76: =G42 | H76: =G43 -> X | I76: =G44 -> X | J76: =G45 | K76: =G46 -> X | L76: =G47 | M76: =G48 -> X | N76: =G49 | O76: =G50 | P76: =G51 | Q76: =G52 | T76: 1 | U76: 3 | V76: 13 | W76: {=IF(AND(INDIRECT("B"&(T76+70))="X",INDIRECT("B"&(U76+70))="X",INDIRECT("B"&(V76+70))="X"),1,0)+IF(AND(INDIRECT("C"&(T76+70))="X",INDIRECT("C"&(U76+70))="X",INDIRECT("C"&(V76+70))="X"),1,0)+IF(AND(INDIRECT("D"&(T76+70))="X",INDIRECT("D"&(U76+70))="X",INDIRECT("D"&(V76+70))="X"),1,0)+IF(AND(INDIRECT("E"&(T76+70))="X",INDIRECT("E"&(U76+70))="X",INDIRECT("E"&(V76+70))="X"),1,0)+IF(AND(INDIRECT("F"&(T76+70))="X",INDIRECT("F"&(U76+70))="X",INDIRECT("F"&(V76+70))="X"),1,0)+IF(AND(INDIRECT("G"&(T76+70))="X",INDIRECT("G"&(U76+70))="X",INDIRECT("G"&(V76+70))="X"),1,0)+IF(AND(INDIRECT("H"&(T76+70))="X",INDIRECT("H"&(U76+70))="X",INDIRECT("H"&(V76+70))="X"),1,0)+IF(AND(INDIRECT("I"&(T76+70))="X",INDIRECT("I"&(U76+70))="X",INDIRECT("I"&(V76+70))="X"),1,0)+IF(AND(INDIRECT("J"&(T76+70))="X",INDIRECT("J"&(U76+70))="X",INDIRECT("J"&(V76+70))="X"),1,0)+IF(AND(INDIRECT("K"&(T76+70))="X",INDIRECT("K"&(U76+70))="X",INDIRECT("K"&(V76+70))="X"),1,0)+IF(AND(INDIRECT("L"&(T76+70))="X",INDIRECT("L"&(U76+70))="X",INDIRECT("L"&(V76+70))="X"),1,0)+IF(AND(INDIRECT("M"&(T76+70))="X",INDIRECT("M"&(U76+70))="X",INDIRECT("M"&(V76+70))="X"),1,0)+IF(AND(INDIRECT("N"&(T76+70))="X",INDIRECT("N"&(U76+70))="X",INDIRECT("N"&(V76+70))="X"),1,0)+IF(AND(INDIRECT("O"&(T76+70))="X",INDIRECT("O"&(U76+70))="X",INDIRECT("O"&(V76+70))="X"),1,0)+IF(AND(INDIRECT("P"&(T76+70))="X",INDIRECT("P"&(U76+70))="X",INDIRECT("P"&(V76+70))="X"),1,0)+IF(AND(INDIRECT("Q"&(T76+70))="X",INDIRECT("Q"&(U76+70))="X",INDIRECT("Q"&(V76+70))="X"),1,0)} -> 3
A77: 7 | B77: =H37 | C77: =H38 -> X | D77: =H39 -> X | E77: =H40 | F77: =H41 | G77: =H42 -> X | H77: =H43 | I77: =H44 -> X | J77: =H45 -> X | K77: =H46 | L77: =H47 -> X | M77: =H48 | N77: =H49 -> X | O77: =H50 -> X | P77: =H51 -> X | Q77: =H52 -> X | T77: 1 | U77: 3 | V77: 14 | W77: {=IF(AND(INDIRECT("B"&(T77+70))="X",INDIRECT("B"&(U77+70))="X",INDIRECT("B"&(V77+70))="X"),1,0)+IF(AND(INDIRECT("C"&(T77+70))="X",INDIRECT("C"&(U77+70))="X",INDIRECT("C"&(V77+70))="X"),1,0)+IF(AND(INDIRECT("D"&(T77+70))="X",INDIRECT("D"&(U77+70))="X",INDIRECT("D"&(V77+70))="X"),1,0)+IF(AND(INDIRECT("E"&(T77+70))="X",INDIRECT("E"&(U77+70))="X",INDIRECT("E"&(V77+70))="X"),1,0)+IF(AND(INDIRECT("F"&(T77+70))="X",INDIRECT("F"&(U77+70))="X",INDIRECT("F"&(V77+70))="X"),1,0)+IF(AND(INDIRECT("G"&(T77+70))="X",INDIRECT("G"&(U77+70))="X",INDIRECT("G"&(V77+70))="X"),1,0)+IF(AND(INDIRECT("H"&(T77+70))="X",INDIRECT("H"&(U77+70))="X",INDIRECT("H"&(V77+70))="X"),1,0)+IF(AND(INDIRECT("I"&(T77+70))="X",INDIRECT("I"&(U77+70))="X",INDIRECT("I"&(V77+70))="X"),1,0)+IF(AND(INDIRECT("J"&(T77+70))="X",INDIRECT("J"&(U77+70))="X",INDIRECT("J"&(V77+70))="X"),1,0)+IF(AND(INDIRECT("K"&(T77+70))="X",INDIRECT("K"&(U77+70))="X",INDIRECT("K"&(V77+70))="X"),1,0)+IF(AND(INDIRECT("L"&(T77+70))="X",INDIRECT("L"&(U77+70))="X",INDIRECT("L"&(V77+70))="X"),1,0)+IF(AND(INDIRECT("M"&(T77+70))="X",INDIRECT("M"&(U77+70))="X",INDIRECT("M"&(V77+70))="X"),1,0)+IF(AND(INDIRECT("N"&(T77+70))="X",INDIRECT("N"&(U77+70))="X",INDIRECT("N"&(V77+70))="X"),1,0)+IF(AND(INDIRECT("O"&(T77+70))="X",INDIRECT("O"&(U77+70))="X",INDIRECT("O"&(V77+70))="X"),1,0)+IF(AND(INDIRECT("P"&(T77+70))="X",INDIRECT("P"&(U77+70))="X",INDIRECT("P"&(V77+70))="X"),1,0)+IF(AND(INDIRECT("Q"&(T77+70))="X",INDIRECT("Q"&(U77+70))="X",INDIRECT("Q"&(V77+70))="X"),1,0)} -> 0
A78: 8 | B78: =I37 -> X | C78: =I38 | D78: =I39 | E78: =I40 -> X | F78: =I41 -> X | G78: =I42 | H78: =I43 | I78: =I44 -> X | J78: =I45 | K78: =I46 | L78: =I47 -> X | M78: =I48 -> X | N78: =I49 -> X | O78: =I50 | P78: =I51 -> X | Q78: =I52 -> X | T78: 1 | U78: 4 | V78: 5 | W78: {=IF(AND(INDIRECT("B"&(T78+70))="X",INDIRECT("B"&(U78+70))="X",INDIRECT("B"&(V78+70))="X"),1,0)+IF(AND(INDIRECT("C"&(T78+70))="X",INDIRECT("C"&(U78+70))="X",INDIRECT("C"&(V78+70))="X"),1,0)+IF(AND(INDIRECT("D"&(T78+70))="X",INDIRECT("D"&(U78+70))="X",INDIRECT("D"&(V78+70))="X"),1,0)+IF(AND(INDIRECT("E"&(T78+70))="X",INDIRECT("E"&(U78+70))="X",INDIRECT("E"&(V78+70))="X"),1,0)+IF(AND(INDIRECT("F"&(T78+70))="X",INDIRECT("F"&(U78+70))="X",INDIRECT("F"&(V78+70))="X"),1,0)+IF(AND(INDIRECT("G"&(T78+70))="X",INDIRECT("G"&(U78+70))="X",INDIRECT("G"&(V78+70))="X"),1,0)+IF(AND(INDIRECT("H"&(T78+70))="X",INDIRECT("H"&(U78+70))="X",INDIRECT("H"&(V78+70))="X"),1,0)+IF(AND(INDIRECT("I"&(T78+70))="X",INDIRECT("I"&(U78+70))="X",INDIRECT("I"&(V78+70))="X"),1,0)+IF(AND(INDIRECT("J"&(T78+70))="X",INDIRECT("J"&(U78+70))="X",INDIRECT("J"&(V78+70))="X"),1,0)+IF(AND(INDIRECT("K"&(T78+70))="X",INDIRECT("K"&(U78+70))="X",INDIRECT("K"&(V78+70))="X"),1,0)+IF(AND(INDIRECT("L"&(T78+70))="X",INDIRECT("L"&(U78+70))="X",INDIRECT("L"&(V78+70))="X"),1,0)+IF(AND(INDIRECT("M"&(T78+70))="X",INDIRECT("M"&(U78+70))="X",INDIRECT("M"&(V78+70))="X"),1,0)+IF(AND(INDIRECT("N"&(T78+70))="X",INDIRECT("N"&(U78+70))="X",INDIRECT("N"&(V78+70))="X"),1,0)+IF(AND(INDIRECT("O"&(T78+70))="X",INDIRECT("O"&(U78+70))="X",INDIRECT("O"&(V78+70))="X"),1,0)+IF(AND(INDIRECT("P"&(T78+70))="X",INDIRECT("P"&(U78+70))="X",INDIRECT("P"&(V78+70))="X"),1,0)+IF(AND(INDIRECT("Q"&(T78+70))="X",INDIRECT("Q"&(U78+70))="X",INDIRECT("Q"&(V78+70))="X"),1,0)} -> 3
A79: 9 | B79: =J37 | C79: =J38 -> X | D79: =J39 | E79: =J40 -> X | F79: =J41 | G79: =J42 -> X | H79: =J43 | I79: =J44 -> X | J79: =J45 | K79: =J46 -> X | L79: =J47 | M79: =J48 | N79: =J49 | O79: =J50 | P79: =J51 | Q79: =J52 | T79: 1 | U79: 4 | V79: 6 | W79: {=IF(AND(INDIRECT("B"&(T79+70))="X",INDIRECT("B"&(U79+70))="X",INDIRECT("B"&(V79+70))="X"),1,0)+IF(AND(INDIRECT("C"&(T79+70))="X",INDIRECT("C"&(U79+70))="X",INDIRECT("C"&(V79+70))="X"),1,0)+IF(AND(INDIRECT("D"&(T79+70))="X",INDIRECT("D"&(U79+70))="X",INDIRECT("D"&(V79+70))="X"),1,0)+IF(AND(INDIRECT("E"&(T79+70))="X",INDIRECT("E"&(U79+70))="X",INDIRECT("E"&(V79+70))="X"),1,0)+IF(AND(INDIRECT("F"&(T79+70))="X",INDIRECT("F"&(U79+70))="X",INDIRECT("F"&(V79+70))="X"),1,0)+IF(AND(INDIRECT("G"&(T79+70))="X",INDIRECT("G"&(U79+70))="X",INDIRECT("G"&(V79+70))="X"),1,0)+IF(AND(INDIRECT("H"&(T79+70))="X",INDIRECT("H"&(U79+70))="X",INDIRECT("H"&(V79+70))="X"),1,0)+IF(AND(INDIRECT("I"&(T79+70))="X",INDIRECT("I"&(U79+70))="X",INDIRECT("I"&(V79+70))="X"),1,0)+IF(AND(INDIRECT("J"&(T79+70))="X",INDIRECT("J"&(U79+70))="X",INDIRECT("J"&(V79+70))="X"),1,0)+IF(AND(INDIRECT("K"&(T79+70))="X",INDIRECT("K"&(U79+70))="X",INDIRECT("K"&(V79+70))="X"),1,0)+IF(AND(INDIRECT("L"&(T79+70))="X",INDIRECT("L"&(U79+70))="X",INDIRECT("L"&(V79+70))="X"),1,0)+IF(AND(INDIRECT("M"&(T79+70))="X",INDIRECT("M"&(U79+70))="X",INDIRECT("M"&(V79+70))="X"),1,0)+IF(AND(INDIRECT("N"&(T79+70))="X",INDIRECT("N"&(U79+70))="X",INDIRECT("N"&(V79+70))="X"),1,0)+IF(AND(INDIRECT("O"&(T79+70))="X",INDIRECT("O"&(U79+70))="X",INDIRECT("O"&(V79+70))="X"),1,0)+IF(AND(INDIRECT("P"&(T79+70))="X",INDIRECT("P"&(U79+70))="X",INDIRECT("P"&(V79+70))="X"),1,0)+IF(AND(INDIRECT("Q"&(T79+70))="X",INDIRECT("Q"&(U79+70))="X",INDIRECT("Q"&(V79+70))="X"),1,0)} -> 0
A80: 10 | B80: =K37 -> X | C80: =K38 | D80: =K39 | E80: =K40 -> X | F80: =K41 | G80: =K42 | H80: =K43 -> X | I80: =K44 -> X | J80: =K45 | K80: =K46 -> X | L80: =K47 | M80: =K48 | N80: =K49 | O80: =K50 | P80: =K51 | Q80: =K52 | T80: 1 | U80: 4 | V80: 7 | W80: {=IF(AND(INDIRECT("B"&(T80+70))="X",INDIRECT("B"&(U80+70))="X",INDIRECT("B"&(V80+70))="X"),1,0)+IF(AND(INDIRECT("C"&(T80+70))="X",INDIRECT("C"&(U80+70))="X",INDIRECT("C"&(V80+70))="X"),1,0)+IF(AND(INDIRECT("D"&(T80+70))="X",INDIRECT("D"&(U80+70))="X",INDIRECT("D"&(V80+70))="X"),1,0)+IF(AND(INDIRECT("E"&(T80+70))="X",INDIRECT("E"&(U80+70))="X",INDIRECT("E"&(V80+70))="X"),1,0)+IF(AND(INDIRECT("F"&(T80+70))="X",INDIRECT("F"&(U80+70))="X",INDIRECT("F"&(V80+70))="X"),1,0)+IF(AND(INDIRECT("G"&(T80+70))="X",INDIRECT("G"&(U80+70))="X",INDIRECT("G"&(V80+70))="X"),1,0)+IF(AND(INDIRECT("H"&(T80+70))="X",INDIRECT("H"&(U80+70))="X",INDIRECT("H"&(V80+70))="X"),1,0)+IF(AND(INDIRECT("I"&(T80+70))="X",INDIRECT("I"&(U80+70))="X",INDIRECT("I"&(V80+70))="X"),1,0)+IF(AND(INDIRECT("J"&(T80+70))="X",INDIRECT("J"&(U80+70))="X",INDIRECT("J"&(V80+70))="X"),1,0)+IF(AND(INDIRECT("K"&(T80+70))="X",INDIRECT("K"&(U80+70))="X",INDIRECT("K"&(V80+70))="X"),1,0)+IF(AND(INDIRECT("L"&(T80+70))="X",INDIRECT("L"&(U80+70))="X",INDIRECT("L"&(V80+70))="X"),1,0)+IF(AND(INDIRECT("M"&(T80+70))="X",INDIRECT("M"&(U80+70))="X",INDIRECT("M"&(V80+70))="X"),1,0)+IF(AND(INDIRECT("N"&(T80+70))="X",INDIRECT("N"&(U80+70))="X",INDIRECT("N"&(V80+70))="X"),1,0)+IF(AND(INDIRECT("O"&(T80+70))="X",INDIRECT("O"&(U80+70))="X",INDIRECT("O"&(V80+70))="X"),1,0)+IF(AND(INDIRECT("P"&(T80+70))="X",INDIRECT("P"&(U80+70))="X",INDIRECT("P"&(V80+70))="X"),1,0)+IF(AND(INDIRECT("Q"&(T80+70))="X",INDIRECT("Q"&(U80+70))="X",INDIRECT("Q"&(V80+70))="X"),1,0)} -> 5
A81: 11 | B81: =L37 | C81: =L38 -> X | D81: =L39 -> X | E81: =L40 | F81: =L41 | G81: =L42 | H81: =L43 -> X | I81: =L44 | J81: =L45 -> X | K81: =L46 -> X | L81: =L47 | M81: =L48 | N81: =L49 -> X | O81: =L50 -> X | P81: =L51 | Q81: =L52 | T81: 1 | U81: 4 | V81: 8 | W81: {=IF(AND(INDIRECT("B"&(T81+70))="X",INDIRECT("B"&(U81+70))="X",INDIRECT("B"&(V81+70))="X"),1,0)+IF(AND(INDIRECT("C"&(T81+70))="X",INDIRECT("C"&(U81+70))="X",INDIRECT("C"&(V81+70))="X"),1,0)+IF(AND(INDIRECT("D"&(T81+70))="X",INDIRECT("D"&(U81+70))="X",INDIRECT("D"&(V81+70))="X"),1,0)+IF(AND(INDIRECT("E"&(T81+70))="X",INDIRECT("E"&(U81+70))="X",INDIRECT("E"&(V81+70))="X"),1,0)+IF(AND(INDIRECT("F"&(T81+70))="X",INDIRECT("F"&(U81+70))="X",INDIRECT("F"&(V81+70))="X"),1,0)+IF(AND(INDIRECT("G"&(T81+70))="X",INDIRECT("G"&(U81+70))="X",INDIRECT("G"&(V81+70))="X"),1,0)+IF(AND(INDIRECT("H"&(T81+70))="X",INDIRECT("H"&(U81+70))="X",INDIRECT("H"&(V81+70))="X"),1,0)+IF(AND(INDIRECT("I"&(T81+70))="X",INDIRECT("I"&(U81+70))="X",INDIRECT("I"&(V81+70))="X"),1,0)+IF(AND(INDIRECT("J"&(T81+70))="X",INDIRECT("J"&(U81+70))="X",INDIRECT("J"&(V81+70))="X"),1,0)+IF(AND(INDIRECT("K"&(T81+70))="X",INDIRECT("K"&(U81+70))="X",INDIRECT("K"&(V81+70))="X"),1,0)+IF(AND(INDIRECT("L"&(T81+70))="X",INDIRECT("L"&(U81+70))="X",INDIRECT("L"&(V81+70))="X"),1,0)+IF(AND(INDIRECT("M"&(T81+70))="X",INDIRECT("M"&(U81+70))="X",INDIRECT("M"&(V81+70))="X"),1,0)+IF(AND(INDIRECT("N"&(T81+70))="X",INDIRECT("N"&(U81+70))="X",INDIRECT("N"&(V81+70))="X"),1,0)+IF(AND(INDIRECT("O"&(T81+70))="X",INDIRECT("O"&(U81+70))="X",INDIRECT("O"&(V81+70))="X"),1,0)+IF(AND(INDIRECT("P"&(T81+70))="X",INDIRECT("P"&(U81+70))="X",INDIRECT("P"&(V81+70))="X"),1,0)+IF(AND(INDIRECT("Q"&(T81+70))="X",INDIRECT("Q"&(U81+70))="X",INDIRECT("Q"&(V81+70))="X"),1,0)} -> 1
A82: 12 | B82: =M37 | C82: =M38 -> X | D82: =M39 | E82: =M40 -> X | F82: =M41 -> X | G82: =M42 | H82: =M43 -> X | I82: =M44 | J82: =M45 | K82: =M46 | L82: =M47 -> X | M82: =M48 -> X | N82: =M49 | O82: =M50 -> X | P82: =M51 -> X | Q82: =M52 -> X | T82: 1 | U82: 4 | V82: 9 | W82: {=IF(AND(INDIRECT("B"&(T82+70))="X",INDIRECT("B"&(U82+70))="X",INDIRECT("B"&(V82+70))="X"),1,0)+IF(AND(INDIRECT("C"&(T82+70))="X",INDIRECT("C"&(U82+70))="X",INDIRECT("C"&(V82+70))="X"),1,0)+IF(AND(INDIRECT("D"&(T82+70))="X",INDIRECT("D"&(U82+70))="X",INDIRECT("D"&(V82+70))="X"),1,0)+IF(AND(INDIRECT("E"&(T82+70))="X",INDIRECT("E"&(U82+70))="X",INDIRECT("E"&(V82+70))="X"),1,0)+IF(AND(INDIRECT("F"&(T82+70))="X",INDIRECT("F"&(U82+70))="X",INDIRECT("F"&(V82+70))="X"),1,0)+IF(AND(INDIRECT("G"&(T82+70))="X",INDIRECT("G"&(U82+70))="X",INDIRECT("G"&(V82+70))="X"),1,0)+IF(AND(INDIRECT("H"&(T82+70))="X",INDIRECT("H"&(U82+70))="X",INDIRECT("H"&(V82+70))="X"),1,0)+IF(AND(INDIRECT("I"&(T82+70))="X",INDIRECT("I"&(U82+70))="X",INDIRECT("I"&(V82+70))="X"),1,0)+IF(AND(INDIRECT("J"&(T82+70))="X",INDIRECT("J"&(U82+70))="X",INDIRECT("J"&(V82+70))="X"),1,0)+IF(AND(INDIRECT("K"&(T82+70))="X",INDIRECT("K"&(U82+70))="X",INDIRECT("K"&(V82+70))="X"),1,0)+IF(AND(INDIRECT("L"&(T82+70))="X",INDIRECT("L"&(U82+70))="X",INDIRECT("L"&(V82+70))="X"),1,0)+IF(AND(INDIRECT("M"&(T82+70))="X",INDIRECT("M"&(U82+70))="X",INDIRECT("M"&(V82+70))="X"),1,0)+IF(AND(INDIRECT("N"&(T82+70))="X",INDIRECT("N"&(U82+70))="X",INDIRECT("N"&(V82+70))="X"),1,0)+IF(AND(INDIRECT("O"&(T82+70))="X",INDIRECT("O"&(U82+70))="X",INDIRECT("O"&(V82+70))="X"),1,0)+IF(AND(INDIRECT("P"&(T82+70))="X",INDIRECT("P"&(U82+70))="X",INDIRECT("P"&(V82+70))="X"),1,0)+IF(AND(INDIRECT("Q"&(T82+70))="X",INDIRECT("Q"&(U82+70))="X",INDIRECT("Q"&(V82+70))="X"),1,0)} -> 1
A83: 13 | B83: =N37 | C83: =N38 -> X | D83: =N39 | E83: =N40 -> X | F83: =N41 | G83: =N42 -> X | H83: =N43 | I83: =N44 | J83: =N45 -> X | K83: =N46 -> X | L83: =N47 | M83: =N48 -> X | N83: =N49 -> X | O83: =N50 | P83: =N51 -> X | Q83: =N52 | T83: 1 | U83: 4 | V83: 10 | W83: {=IF(AND(INDIRECT("B"&(T83+70))="X",INDIRECT("B"&(U83+70))="X",INDIRECT("B"&(V83+70))="X"),1,0)+IF(AND(INDIRECT("C"&(T83+70))="X",INDIRECT("C"&(U83+70))="X",INDIRECT("C"&(V83+70))="X"),1,0)+IF(AND(INDIRECT("D"&(T83+70))="X",INDIRECT("D"&(U83+70))="X",INDIRECT("D"&(V83+70))="X"),1,0)+IF(AND(INDIRECT("E"&(T83+70))="X",INDIRECT("E"&(U83+70))="X",INDIRECT("E"&(V83+70))="X"),1,0)+IF(AND(INDIRECT("F"&(T83+70))="X",INDIRECT("F"&(U83+70))="X",INDIRECT("F"&(V83+70))="X"),1,0)+IF(AND(INDIRECT("G"&(T83+70))="X",INDIRECT("G"&(U83+70))="X",INDIRECT("G"&(V83+70))="X"),1,0)+IF(AND(INDIRECT("H"&(T83+70))="X",INDIRECT("H"&(U83+70))="X",INDIRECT("H"&(V83+70))="X"),1,0)+IF(AND(INDIRECT("I"&(T83+70))="X",INDIRECT("I"&(U83+70))="X",INDIRECT("I"&(V83+70))="X"),1,0)+IF(AND(INDIRECT("J"&(T83+70))="X",INDIRECT("J"&(U83+70))="X",INDIRECT("J"&(V83+70))="X"),1,0)+IF(AND(INDIRECT("K"&(T83+70))="X",INDIRECT("K"&(U83+70))="X",INDIRECT("K"&(V83+70))="X"),1,0)+IF(AND(INDIRECT("L"&(T83+70))="X",INDIRECT("L"&(U83+70))="X",INDIRECT("L"&(V83+70))="X"),1,0)+IF(AND(INDIRECT("M"&(T83+70))="X",INDIRECT("M"&(U83+70))="X",INDIRECT("M"&(V83+70))="X"),1,0)+IF(AND(INDIRECT("N"&(T83+70))="X",INDIRECT("N"&(U83+70))="X",INDIRECT("N"&(V83+70))="X"),1,0)+IF(AND(INDIRECT("O"&(T83+70))="X",INDIRECT("O"&(U83+70))="X",INDIRECT("O"&(V83+70))="X"),1,0)+IF(AND(INDIRECT("P"&(T83+70))="X",INDIRECT("P"&(U83+70))="X",INDIRECT("P"&(V83+70))="X"),1,0)+IF(AND(INDIRECT("Q"&(T83+70))="X",INDIRECT("Q"&(U83+70))="X",INDIRECT("Q"&(V83+70))="X"),1,0)} -> 0
A84: 14 | B84: =O37 -> X | C84: =O38 | D84: =O39 | E84: =O40 -> X | F84: =O41 -> X | G84: =O42 | H84: =O43 -> X | I84: =O44 | J84: =O45 | K84: =O46 | L84: =O47 -> X | M84: =O48 | N84: =O49 | O84: =O50 | P84: =O51 | Q84: =O52 | T84: 1 | U84: 4 | V84: 11 | W84: {=IF(AND(INDIRECT("B"&(T84+70))="X",INDIRECT("B"&(U84+70))="X",INDIRECT("B"&(V84+70))="X"),1,0)+IF(AND(INDIRECT("C"&(T84+70))="X",INDIRECT("C"&(U84+70))="X",INDIRECT("C"&(V84+70))="X"),1,0)+IF(AND(INDIRECT("D"&(T84+70))="X",INDIRECT("D"&(U84+70))="X",INDIRECT("D"&(V84+70))="X"),1,0)+IF(AND(INDIRECT("E"&(T84+70))="X",INDIRECT("E"&(U84+70))="X",INDIRECT("E"&(V84+70))="X"),1,0)+IF(AND(INDIRECT("F"&(T84+70))="X",INDIRECT("F"&(U84+70))="X",INDIRECT("F"&(V84+70))="X"),1,0)+IF(AND(INDIRECT("G"&(T84+70))="X",INDIRECT("G"&(U84+70))="X",INDIRECT("G"&(V84+70))="X"),1,0)+IF(AND(INDIRECT("H"&(T84+70))="X",INDIRECT("H"&(U84+70))="X",INDIRECT("H"&(V84+70))="X"),1,0)+IF(AND(INDIRECT("I"&(T84+70))="X",INDIRECT("I"&(U84+70))="X",INDIRECT("I"&(V84+70))="X"),1,0)+IF(AND(INDIRECT("J"&(T84+70))="X",INDIRECT("J"&(U84+70))="X",INDIRECT("J"&(V84+70))="X"),1,0)+IF(AND(INDIRECT("K"&(T84+70))="X",INDIRECT("K"&(U84+70))="X",INDIRECT("K"&(V84+70))="X"),1,0)+IF(AND(INDIRECT("L"&(T84+70))="X",INDIRECT("L"&(U84+70))="X",INDIRECT("L"&(V84+70))="X"),1,0)+IF(AND(INDIRECT("M"&(T84+70))="X",INDIRECT("M"&(U84+70))="X",INDIRECT("M"&(V84+70))="X"),1,0)+IF(AND(INDIRECT("N"&(T84+70))="X",INDIRECT("N"&(U84+70))="X",INDIRECT("N"&(V84+70))="X"),1,0)+IF(AND(INDIRECT("O"&(T84+70))="X",INDIRECT("O"&(U84+70))="X",INDIRECT("O"&(V84+70))="X"),1,0)+IF(AND(INDIRECT("P"&(T84+70))="X",INDIRECT("P"&(U84+70))="X",INDIRECT("P"&(V84+70))="X"),1,0)+IF(AND(INDIRECT("Q"&(T84+70))="X",INDIRECT("Q"&(U84+70))="X",INDIRECT("Q"&(V84+70))="X"),1,0)} -> 3
T85: 1 | U85: 4 | V85: 12 | W85: {=IF(AND(INDIRECT("B"&(T85+70))="X",INDIRECT("B"&(U85+70))="X",INDIRECT("B"&(V85+70))="X"),1,0)+IF(AND(INDIRECT("C"&(T85+70))="X",INDIRECT("C"&(U85+70))="X",INDIRECT("C"&(V85+70))="X"),1,0)+IF(AND(INDIRECT("D"&(T85+70))="X",INDIRECT("D"&(U85+70))="X",INDIRECT("D"&(V85+70))="X"),1,0)+IF(AND(INDIRECT("E"&(T85+70))="X",INDIRECT("E"&(U85+70))="X",INDIRECT("E"&(V85+70))="X"),1,0)+IF(AND(INDIRECT("F"&(T85+70))="X",INDIRECT("F"&(U85+70))="X",INDIRECT("F"&(V85+70))="X"),1,0)+IF(AND(INDIRECT("G"&(T85+70))="X",INDIRECT("G"&(U85+70))="X",INDIRECT("G"&(V85+70))="X"),1,0)+IF(AND(INDIRECT("H"&(T85+70))="X",INDIRECT("H"&(U85+70))="X",INDIRECT("H"&(V85+70))="X"),1,0)+IF(AND(INDIRECT("I"&(T85+70))="X",INDIRECT("I"&(U85+70))="X",INDIRECT("I"&(V85+70))="X"),1,0)+IF(AND(INDIRECT("J"&(T85+70))="X",INDIRECT("J"&(U85+70))="X",INDIRECT("J"&(V85+70))="X"),1,0)+IF(AND(INDIRECT("K"&(T85+70))="X",INDIRECT("K"&(U85+70))="X",INDIRECT("K"&(V85+70))="X"),1,0)+IF(AND(INDIRECT("L"&(T85+70))="X",INDIRECT("L"&(U85+70))="X",INDIRECT("L"&(V85+70))="X"),1,0)+IF(AND(INDIRECT("M"&(T85+70))="X",INDIRECT("M"&(U85+70))="X",INDIRECT("M"&(V85+70))="X"),1,0)+IF(AND(INDIRECT("N"&(T85+70))="X",INDIRECT("N"&(U85+70))="X",INDIRECT("N"&(V85+70))="X"),1,0)+IF(AND(INDIRECT("O"&(T85+70))="X",INDIRECT("O"&(U85+70))="X",INDIRECT("O"&(V85+70))="X"),1,0)+IF(AND(INDIRECT("P"&(T85+70))="X",INDIRECT("P"&(U85+70))="X",INDIRECT("P"&(V85+70))="X"),1,0)+IF(AND(INDIRECT("Q"&(T85+70))="X",INDIRECT("Q"&(U85+70))="X",INDIRECT("Q"&(V85+70))="X"),1,0)} -> 2
T86: 1 | U86: 4 | V86: 13 | W86: {=IF(AND(INDIRECT("B"&(T86+70))="X",INDIRECT("B"&(U86+70))="X",INDIRECT("B"&(V86+70))="X"),1,0)+IF(AND(INDIRECT("C"&(T86+70))="X",INDIRECT("C"&(U86+70))="X",INDIRECT("C"&(V86+70))="X"),1,0)+IF(AND(INDIRECT("D"&(T86+70))="X",INDIRECT("D"&(U86+70))="X",INDIRECT("D"&(V86+70))="X"),1,0)+IF(AND(INDIRECT("E"&(T86+70))="X",INDIRECT("E"&(U86+70))="X",INDIRECT("E"&(V86+70))="X"),1,0)+IF(AND(INDIRECT("F"&(T86+70))="X",INDIRECT("F"&(U86+70))="X",INDIRECT("F"&(V86+70))="X"),1,0)+IF(AND(INDIRECT("G"&(T86+70))="X",INDIRECT("G"&(U86+70))="X",INDIRECT("G"&(V86+70))="X"),1,0)+IF(AND(INDIRECT("H"&(T86+70))="X",INDIRECT("H"&(U86+70))="X",INDIRECT("H"&(V86+70))="X"),1,0)+IF(AND(INDIRECT("I"&(T86+70))="X",INDIRECT("I"&(U86+70))="X",INDIRECT("I"&(V86+70))="X"),1,0)+IF(AND(INDIRECT("J"&(T86+70))="X",INDIRECT("J"&(U86+70))="X",INDIRECT("J"&(V86+70))="X"),1,0)+IF(AND(INDIRECT("K"&(T86+70))="X",INDIRECT("K"&(U86+70))="X",INDIRECT("K"&(V86+70))="X"),1,0)+IF(AND(INDIRECT("L"&(T86+70))="X",INDIRECT("L"&(U86+70))="X",INDIRECT("L"&(V86+70))="X"),1,0)+IF(AND(INDIRECT("M"&(T86+70))="X",INDIRECT("M"&(U86+70))="X",INDIRECT("M"&(V86+70))="X"),1,0)+IF(AND(INDIRECT("N"&(T86+70))="X",INDIRECT("N"&(U86+70))="X",INDIRECT("N"&(V86+70))="X"),1,0)+IF(AND(INDIRECT("O"&(T86+70))="X",INDIRECT("O"&(U86+70))="X",INDIRECT("O"&(V86+70))="X"),1,0)+IF(AND(INDIRECT("P"&(T86+70))="X",INDIRECT("P"&(U86+70))="X",INDIRECT("P"&(V86+70))="X"),1,0)+IF(AND(INDIRECT("Q"&(T86+70))="X",INDIRECT("Q"&(U86+70))="X",INDIRECT("Q"&(V86+70))="X"),1,0)} -> 2
T87: 1 | U87: 4 | V87: 14 | W87: {=IF(AND(INDIRECT("B"&(T87+70))="X",INDIRECT("B"&(U87+70))="X",INDIRECT("B"&(V87+70))="X"),1,0)+IF(AND(INDIRECT("C"&(T87+70))="X",INDIRECT("C"&(U87+70))="X",INDIRECT("C"&(V87+70))="X"),1,0)+IF(AND(INDIRECT("D"&(T87+70))="X",INDIRECT("D"&(U87+70))="X",INDIRECT("D"&(V87+70))="X"),1,0)+IF(AND(INDIRECT("E"&(T87+70))="X",INDIRECT("E"&(U87+70))="X",INDIRECT("E"&(V87+70))="X"),1,0)+IF(AND(INDIRECT("F"&(T87+70))="X",INDIRECT("F"&(U87+70))="X",INDIRECT("F"&(V87+70))="X"),1,0)+IF(AND(INDIRECT("G"&(T87+70))="X",INDIRECT("G"&(U87+70))="X",INDIRECT("G"&(V87+70))="X"),1,0)+IF(AND(INDIRECT("H"&(T87+70))="X",INDIRECT("H"&(U87+70))="X",INDIRECT("H"&(V87+70))="X"),1,0)+IF(AND(INDIRECT("I"&(T87+70))="X",INDIRECT("I"&(U87+70))="X",INDIRECT("I"&(V87+70))="X"),1,0)+IF(AND(INDIRECT("J"&(T87+70))="X",INDIRECT("J"&(U87+70))="X",INDIRECT("J"&(V87+70))="X"),1,0)+IF(AND(INDIRECT("K"&(T87+70))="X",INDIRECT("K"&(U87+70))="X",INDIRECT("K"&(V87+70))="X"),1,0)+IF(AND(INDIRECT("L"&(T87+70))="X",INDIRECT("L"&(U87+70))="X",INDIRECT("L"&(V87+70))="X"),1,0)+IF(AND(INDIRECT("M"&(T87+70))="X",INDIRECT("M"&(U87+70))="X",INDIRECT("M"&(V87+70))="X"),1,0)+IF(AND(INDIRECT("N"&(T87+70))="X",INDIRECT("N"&(U87+70))="X",INDIRECT("N"&(V87+70))="X"),1,0)+IF(AND(INDIRECT("O"&(T87+70))="X",INDIRECT("O"&(U87+70))="X",INDIRECT("O"&(V87+70))="X"),1,0)+IF(AND(INDIRECT("P"&(T87+70))="X",INDIRECT("P"&(U87+70))="X",INDIRECT("P"&(V87+70))="X"),1,0)+IF(AND(INDIRECT("Q"&(T87+70))="X",INDIRECT("Q"&(U87+70))="X",INDIRECT("Q"&(V87+70))="X"),1,0)} -> 0
T88: 1 | U88: 5 | V88: 6 | W88: {=IF(AND(INDIRECT("B"&(T88+70))="X",INDIRECT("B"&(U88+70))="X",INDIRECT("B"&(V88+70))="X"),1,0)+IF(AND(INDIRECT("C"&(T88+70))="X",INDIRECT("C"&(U88+70))="X",INDIRECT("C"&(V88+70))="X"),1,0)+IF(AND(INDIRECT("D"&(T88+70))="X",INDIRECT("D"&(U88+70))="X",INDIRECT("D"&(V88+70))="X"),1,0)+IF(AND(INDIRECT("E"&(T88+70))="X",INDIRECT("E"&(U88+70))="X",INDIRECT("E"&(V88+70))="X"),1,0)+IF(AND(INDIRECT("F"&(T88+70))="X",INDIRECT("F"&(U88+70))="X",INDIRECT("F"&(V88+70))="X"),1,0)+IF(AND(INDIRECT("G"&(T88+70))="X",INDIRECT("G"&(U88+70))="X",INDIRECT("G"&(V88+70))="X"),1,0)+IF(AND(INDIRECT("H"&(T88+70))="X",INDIRECT("H"&(U88+70))="X",INDIRECT("H"&(V88+70))="X"),1,0)+IF(AND(INDIRECT("I"&(T88+70))="X",INDIRECT("I"&(U88+70))="X",INDIRECT("I"&(V88+70))="X"),1,0)+IF(AND(INDIRECT("J"&(T88+70))="X",INDIRECT("J"&(U88+70))="X",INDIRECT("J"&(V88+70))="X"),1,0)+IF(AND(INDIRECT("K"&(T88+70))="X",INDIRECT("K"&(U88+70))="X",INDIRECT("K"&(V88+70))="X"),1,0)+IF(AND(INDIRECT("L"&(T88+70))="X",INDIRECT("L"&(U88+70))="X",INDIRECT("L"&(V88+70))="X"),1,0)+IF(AND(INDIRECT("M"&(T88+70))="X",INDIRECT("M"&(U88+70))="X",INDIRECT("M"&(V88+70))="X"),1,0)+IF(AND(INDIRECT("N"&(T88+70))="X",INDIRECT("N"&(U88+70))="X",INDIRECT("N"&(V88+70))="X"),1,0)+IF(AND(INDIRECT("O"&(T88+70))="X",INDIRECT("O"&(U88+70))="X",INDIRECT("O"&(V88+70))="X"),1,0)+IF(AND(INDIRECT("P"&(T88+70))="X",INDIRECT("P"&(U88+70))="X",INDIRECT("P"&(V88+70))="X"),1,0)+IF(AND(INDIRECT("Q"&(T88+70))="X",INDIRECT("Q"&(U88+70))="X",INDIRECT("Q"&(V88+70))="X"),1,0)} -> 3
T89: 1 | U89: 5 | V89: 7 | W89: {=IF(AND(INDIRECT("B"&(T89+70))="X",INDIRECT("B"&(U89+70))="X",INDIRECT("B"&(V89+70))="X"),1,0)+IF(AND(INDIRECT("C"&(T89+70))="X",INDIRECT("C"&(U89+70))="X",INDIRECT("C"&(V89+70))="X"),1,0)+IF(AND(INDIRECT("D"&(T89+70))="X",INDIRECT("D"&(U89+70))="X",INDIRECT("D"&(V89+70))="X"),1,0)+IF(AND(INDIRECT("E"&(T89+70))="X",INDIRECT("E"&(U89+70))="X",INDIRECT("E"&(V89+70))="X"),1,0)+IF(AND(INDIRECT("F"&(T89+70))="X",INDIRECT("F"&(U89+70))="X",INDIRECT("F"&(V89+70))="X"),1,0)+IF(AND(INDIRECT("G"&(T89+70))="X",INDIRECT("G"&(U89+70))="X",INDIRECT("G"&(V89+70))="X"),1,0)+IF(AND(INDIRECT("H"&(T89+70))="X",INDIRECT("H"&(U89+70))="X",INDIRECT("H"&(V89+70))="X"),1,0)+IF(AND(INDIRECT("I"&(T89+70))="X",INDIRECT("I"&(U89+70))="X",INDIRECT("I"&(V89+70))="X"),1,0)+IF(AND(INDIRECT("J"&(T89+70))="X",INDIRECT("J"&(U89+70))="X",INDIRECT("J"&(V89+70))="X"),1,0)+IF(AND(INDIRECT("K"&(T89+70))="X",INDIRECT("K"&(U89+70))="X",INDIRECT("K"&(V89+70))="X"),1,0)+IF(AND(INDIRECT("L"&(T89+70))="X",INDIRECT("L"&(U89+70))="X",INDIRECT("L"&(V89+70))="X"),1,0)+IF(AND(INDIRECT("M"&(T89+70))="X",INDIRECT("M"&(U89+70))="X",INDIRECT("M"&(V89+70))="X"),1,0)+IF(AND(INDIRECT("N"&(T89+70))="X",INDIRECT("N"&(U89+70))="X",INDIRECT("N"&(V89+70))="X"),1,0)+IF(AND(INDIRECT("O"&(T89+70))="X",INDIRECT("O"&(U89+70))="X",INDIRECT("O"&(V89+70))="X"),1,0)+IF(AND(INDIRECT("P"&(T89+70))="X",INDIRECT("P"&(U89+70))="X",INDIRECT("P"&(V89+70))="X"),1,0)+IF(AND(INDIRECT("Q"&(T89+70))="X",INDIRECT("Q"&(U89+70))="X",INDIRECT("Q"&(V89+70))="X"),1,0)} -> 3
T90: 1 | U90: 5 | V90: 8 | W90: {=IF(AND(INDIRECT("B"&(T90+70))="X",INDIRECT("B"&(U90+70))="X",INDIRECT("B"&(V90+70))="X"),1,0)+IF(AND(INDIRECT("C"&(T90+70))="X",INDIRECT("C"&(U90+70))="X",INDIRECT("C"&(V90+70))="X"),1,0)+IF(AND(INDIRECT("D"&(T90+70))="X",INDIRECT("D"&(U90+70))="X",INDIRECT("D"&(V90+70))="X"),1,0)+IF(AND(INDIRECT("E"&(T90+70))="X",INDIRECT("E"&(U90+70))="X",INDIRECT("E"&(V90+70))="X"),1,0)+IF(AND(INDIRECT("F"&(T90+70))="X",INDIRECT("F"&(U90+70))="X",INDIRECT("F"&(V90+70))="X"),1,0)+IF(AND(INDIRECT("G"&(T90+70))="X",INDIRECT("G"&(U90+70))="X",INDIRECT("G"&(V90+70))="X"),1,0)+IF(AND(INDIRECT("H"&(T90+70))="X",INDIRECT("H"&(U90+70))="X",INDIRECT("H"&(V90+70))="X"),1,0)+IF(AND(INDIRECT("I"&(T90+70))="X",INDIRECT("I"&(U90+70))="X",INDIRECT("I"&(V90+70))="X"),1,0)+IF(AND(INDIRECT("J"&(T90+70))="X",INDIRECT("J"&(U90+70))="X",INDIRECT("J"&(V90+70))="X"),1,0)+IF(AND(INDIRECT("K"&(T90+70))="X",INDIRECT("K"&(U90+70))="X",INDIRECT("K"&(V90+70))="X"),1,0)+IF(AND(INDIRECT("L"&(T90+70))="X",INDIRECT("L"&(U90+70))="X",INDIRECT("L"&(V90+70))="X"),1,0)+IF(AND(INDIRECT("M"&(T90+70))="X",INDIRECT("M"&(U90+70))="X",INDIRECT("M"&(V90+70))="X"),1,0)+IF(AND(INDIRECT("N"&(T90+70))="X",INDIRECT("N"&(U90+70))="X",INDIRECT("N"&(V90+70))="X"),1,0)+IF(AND(INDIRECT("O"&(T90+70))="X",INDIRECT("O"&(U90+70))="X",INDIRECT("O"&(V90+70))="X"),1,0)+IF(AND(INDIRECT("P"&(T90+70))="X",INDIRECT("P"&(U90+70))="X",INDIRECT("P"&(V90+70))="X"),1,0)+IF(AND(INDIRECT("Q"&(T90+70))="X",INDIRECT("Q"&(U90+70))="X",INDIRECT("Q"&(V90+70))="X"),1,0)} -> 2
T91: 1 | U91: 5 | V91: 9 | W91: {=IF(AND(INDIRECT("B"&(T91+70))="X",INDIRECT("B"&(U91+70))="X",INDIRECT("B"&(V91+70))="X"),1,0)+IF(AND(INDIRECT("C"&(T91+70))="X",INDIRECT("C"&(U91+70))="X",INDIRECT("C"&(V91+70))="X"),1,0)+IF(AND(INDIRECT("D"&(T91+70))="X",INDIRECT("D"&(U91+70))="X",INDIRECT("D"&(V91+70))="X"),1,0)+IF(AND(INDIRECT("E"&(T91+70))="X",INDIRECT("E"&(U91+70))="X",INDIRECT("E"&(V91+70))="X"),1,0)+IF(AND(INDIRECT("F"&(T91+70))="X",INDIRECT("F"&(U91+70))="X",INDIRECT("F"&(V91+70))="X"),1,0)+IF(AND(INDIRECT("G"&(T91+70))="X",INDIRECT("G"&(U91+70))="X",INDIRECT("G"&(V91+70))="X"),1,0)+IF(AND(INDIRECT("H"&(T91+70))="X",INDIRECT("H"&(U91+70))="X",INDIRECT("H"&(V91+70))="X"),1,0)+IF(AND(INDIRECT("I"&(T91+70))="X",INDIRECT("I"&(U91+70))="X",INDIRECT("I"&(V91+70))="X"),1,0)+IF(AND(INDIRECT("J"&(T91+70))="X",INDIRECT("J"&(U91+70))="X",INDIRECT("J"&(V91+70))="X"),1,0)+IF(AND(INDIRECT("K"&(T91+70))="X",INDIRECT("K"&(U91+70))="X",INDIRECT("K"&(V91+70))="X"),1,0)+IF(AND(INDIRECT("L"&(T91+70))="X",INDIRECT("L"&(U91+70))="X",INDIRECT("L"&(V91+70))="X"),1,0)+IF(AND(INDIRECT("M"&(T91+70))="X",INDIRECT("M"&(U91+70))="X",INDIRECT("M"&(V91+70))="X"),1,0)+IF(AND(INDIRECT("N"&(T91+70))="X",INDIRECT("N"&(U91+70))="X",INDIRECT("N"&(V91+70))="X"),1,0)+IF(AND(INDIRECT("O"&(T91+70))="X",INDIRECT("O"&(U91+70))="X",INDIRECT("O"&(V91+70))="X"),1,0)+IF(AND(INDIRECT("P"&(T91+70))="X",INDIRECT("P"&(U91+70))="X",INDIRECT("P"&(V91+70))="X"),1,0)+IF(AND(INDIRECT("Q"&(T91+70))="X",INDIRECT("Q"&(U91+70))="X",INDIRECT("Q"&(V91+70))="X"),1,0)} -> 2
T92: 1 | U92: 5 | V92: 10 | W92: {=IF(AND(INDIRECT("B"&(T92+70))="X",INDIRECT("B"&(U92+70))="X",INDIRECT("B"&(V92+70))="X"),1,0)+IF(AND(INDIRECT("C"&(T92+70))="X",INDIRECT("C"&(U92+70))="X",INDIRECT("C"&(V92+70))="X"),1,0)+IF(AND(INDIRECT("D"&(T92+70))="X",INDIRECT("D"&(U92+70))="X",INDIRECT("D"&(V92+70))="X"),1,0)+IF(AND(INDIRECT("E"&(T92+70))="X",INDIRECT("E"&(U92+70))="X",INDIRECT("E"&(V92+70))="X"),1,0)+IF(AND(INDIRECT("F"&(T92+70))="X",INDIRECT("F"&(U92+70))="X",INDIRECT("F"&(V92+70))="X"),1,0)+IF(AND(INDIRECT("G"&(T92+70))="X",INDIRECT("G"&(U92+70))="X",INDIRECT("G"&(V92+70))="X"),1,0)+IF(AND(INDIRECT("H"&(T92+70))="X",INDIRECT("H"&(U92+70))="X",INDIRECT("H"&(V92+70))="X"),1,0)+IF(AND(INDIRECT("I"&(T92+70))="X",INDIRECT("I"&(U92+70))="X",INDIRECT("I"&(V92+70))="X"),1,0)+IF(AND(INDIRECT("J"&(T92+70))="X",INDIRECT("J"&(U92+70))="X",INDIRECT("J"&(V92+70))="X"),1,0)+IF(AND(INDIRECT("K"&(T92+70))="X",INDIRECT("K"&(U92+70))="X",INDIRECT("K"&(V92+70))="X"),1,0)+IF(AND(INDIRECT("L"&(T92+70))="X",INDIRECT("L"&(U92+70))="X",INDIRECT("L"&(V92+70))="X"),1,0)+IF(AND(INDIRECT("M"&(T92+70))="X",INDIRECT("M"&(U92+70))="X",INDIRECT("M"&(V92+70))="X"),1,0)+IF(AND(INDIRECT("N"&(T92+70))="X",INDIRECT("N"&(U92+70))="X",INDIRECT("N"&(V92+70))="X"),1,0)+IF(AND(INDIRECT("O"&(T92+70))="X",INDIRECT("O"&(U92+70))="X",INDIRECT("O"&(V92+70))="X"),1,0)+IF(AND(INDIRECT("P"&(T92+70))="X",INDIRECT("P"&(U92+70))="X",INDIRECT("P"&(V92+70))="X"),1,0)+IF(AND(INDIRECT("Q"&(T92+70))="X",INDIRECT("Q"&(U92+70))="X",INDIRECT("Q"&(V92+70))="X"),1,0)} -> 2
T93: 1 | U93: 5 | V93: 11 | W93: {=IF(AND(INDIRECT("B"&(T93+70))="X",INDIRECT("B"&(U93+70))="X",INDIRECT("B"&(V93+70))="X"),1,0)+IF(AND(INDIRECT("C"&(T93+70))="X",INDIRECT("C"&(U93+70))="X",INDIRECT("C"&(V93+70))="X"),1,0)+IF(AND(INDIRECT("D"&(T93+70))="X",INDIRECT("D"&(U93+70))="X",INDIRECT("D"&(V93+70))="X"),1,0)+IF(AND(INDIRECT("E"&(T93+70))="X",INDIRECT("E"&(U93+70))="X",INDIRECT("E"&(V93+70))="X"),1,0)+IF(AND(INDIRECT("F"&(T93+70))="X",INDIRECT("F"&(U93+70))="X",INDIRECT("F"&(V93+70))="X"),1,0)+IF(AND(INDIRECT("G"&(T93+70))="X",INDIRECT("G"&(U93+70))="X",INDIRECT("G"&(V93+70))="X"),1,0)+IF(AND(INDIRECT("H"&(T93+70))="X",INDIRECT("H"&(U93+70))="X",INDIRECT("H"&(V93+70))="X"),1,0)+IF(AND(INDIRECT("I"&(T93+70))="X",INDIRECT("I"&(U93+70))="X",INDIRECT("I"&(V93+70))="X"),1,0)+IF(AND(INDIRECT("J"&(T93+70))="X",INDIRECT("J"&(U93+70))="X",INDIRECT("J"&(V93+70))="X"),1,0)+IF(AND(INDIRECT("K"&(T93+70))="X",INDIRECT("K"&(U93+70))="X",INDIRECT("K"&(V93+70))="X"),1,0)+IF(AND(INDIRECT("L"&(T93+70))="X",INDIRECT("L"&(U93+70))="X",INDIRECT("L"&(V93+70))="X"),1,0)+IF(AND(INDIRECT("M"&(T93+70))="X",INDIRECT("M"&(U93+70))="X",INDIRECT("M"&(V93+70))="X"),1,0)+IF(AND(INDIRECT("N"&(T93+70))="X",INDIRECT("N"&(U93+70))="X",INDIRECT("N"&(V93+70))="X"),1,0)+IF(AND(INDIRECT("O"&(T93+70))="X",INDIRECT("O"&(U93+70))="X",INDIRECT("O"&(V93+70))="X"),1,0)+IF(AND(INDIRECT("P"&(T93+70))="X",INDIRECT("P"&(U93+70))="X",INDIRECT("P"&(V93+70))="X"),1,0)+IF(AND(INDIRECT("Q"&(T93+70))="X",INDIRECT("Q"&(U93+70))="X",INDIRECT("Q"&(V93+70))="X"),1,0)} -> 3
T94: 1 | U94: 5 | V94: 12 | W94: {=IF(AND(INDIRECT("B"&(T94+70))="X",INDIRECT("B"&(U94+70))="X",INDIRECT("B"&(V94+70))="X"),1,0)+IF(AND(INDIRECT("C"&(T94+70))="X",INDIRECT("C"&(U94+70))="X",INDIRECT("C"&(V94+70))="X"),1,0)+IF(AND(INDIRECT("D"&(T94+70))="X",INDIRECT("D"&(U94+70))="X",INDIRECT("D"&(V94+70))="X"),1,0)+IF(AND(INDIRECT("E"&(T94+70))="X",INDIRECT("E"&(U94+70))="X",INDIRECT("E"&(V94+70))="X"),1,0)+IF(AND(INDIRECT("F"&(T94+70))="X",INDIRECT("F"&(U94+70))="X",INDIRECT("F"&(V94+70))="X"),1,0)+IF(AND(INDIRECT("G"&(T94+70))="X",INDIRECT("G"&(U94+70))="X",INDIRECT("G"&(V94+70))="X"),1,0)+IF(AND(INDIRECT("H"&(T94+70))="X",INDIRECT("H"&(U94+70))="X",INDIRECT("H"&(V94+70))="X"),1,0)+IF(AND(INDIRECT("I"&(T94+70))="X",INDIRECT("I"&(U94+70))="X",INDIRECT("I"&(V94+70))="X"),1,0)+IF(AND(INDIRECT("J"&(T94+70))="X",INDIRECT("J"&(U94+70))="X",INDIRECT("J"&(V94+70))="X"),1,0)+IF(AND(INDIRECT("K"&(T94+70))="X",INDIRECT("K"&(U94+70))="X",INDIRECT("K"&(V94+70))="X"),1,0)+IF(AND(INDIRECT("L"&(T94+70))="X",INDIRECT("L"&(U94+70))="X",INDIRECT("L"&(V94+70))="X"),1,0)+IF(AND(INDIRECT("M"&(T94+70))="X",INDIRECT("M"&(U94+70))="X",INDIRECT("M"&(V94+70))="X"),1,0)+IF(AND(INDIRECT("N"&(T94+70))="X",INDIRECT("N"&(U94+70))="X",INDIRECT("N"&(V94+70))="X"),1,0)+IF(AND(INDIRECT("O"&(T94+70))="X",INDIRECT("O"&(U94+70))="X",INDIRECT("O"&(V94+70))="X"),1,0)+IF(AND(INDIRECT("P"&(T94+70))="X",INDIRECT("P"&(U94+70))="X",INDIRECT("P"&(V94+70))="X"),1,0)+IF(AND(INDIRECT("Q"&(T94+70))="X",INDIRECT("Q"&(U94+70))="X",INDIRECT("Q"&(V94+70))="X"),1,0)} -> 2
T95: 1 | U95: 5 | V95: 13 | W95: {=IF(AND(INDIRECT("B"&(T95+70))="X",INDIRECT("B"&(U95+70))="X",INDIRECT("B"&(V95+70))="X"),1,0)+IF(AND(INDIRECT("C"&(T95+70))="X",INDIRECT("C"&(U95+70))="X",INDIRECT("C"&(V95+70))="X"),1,0)+IF(AND(INDIRECT("D"&(T95+70))="X",INDIRECT("D"&(U95+70))="X",INDIRECT("D"&(V95+70))="X"),1,0)+IF(AND(INDIRECT("E"&(T95+70))="X",INDIRECT("E"&(U95+70))="X",INDIRECT("E"&(V95+70))="X"),1,0)+IF(AND(INDIRECT("F"&(T95+70))="X",INDIRECT("F"&(U95+70))="X",INDIRECT("F"&(V95+70))="X"),1,0)+IF(AND(INDIRECT("G"&(T95+70))="X",INDIRECT("G"&(U95+70))="X",INDIRECT("G"&(V95+70))="X"),1,0)+IF(AND(INDIRECT("H"&(T95+70))="X",INDIRECT("H"&(U95+70))="X",INDIRECT("H"&(V95+70))="X"),1,0)+IF(AND(INDIRECT("I"&(T95+70))="X",INDIRECT("I"&(U95+70))="X",INDIRECT("I"&(V95+70))="X"),1,0)+IF(AND(INDIRECT("J"&(T95+70))="X",INDIRECT("J"&(U95+70))="X",INDIRECT("J"&(V95+70))="X"),1,0)+IF(AND(INDIRECT("K"&(T95+70))="X",INDIRECT("K"&(U95+70))="X",INDIRECT("K"&(V95+70))="X"),1,0)+IF(AND(INDIRECT("L"&(T95+70))="X",INDIRECT("L"&(U95+70))="X",INDIRECT("L"&(V95+70))="X"),1,0)+IF(AND(INDIRECT("M"&(T95+70))="X",INDIRECT("M"&(U95+70))="X",INDIRECT("M"&(V95+70))="X"),1,0)+IF(AND(INDIRECT("N"&(T95+70))="X",INDIRECT("N"&(U95+70))="X",INDIRECT("N"&(V95+70))="X"),1,0)+IF(AND(INDIRECT("O"&(T95+70))="X",INDIRECT("O"&(U95+70))="X",INDIRECT("O"&(V95+70))="X"),1,0)+IF(AND(INDIRECT("P"&(T95+70))="X",INDIRECT("P"&(U95+70))="X",INDIRECT("P"&(V95+70))="X"),1,0)+IF(AND(INDIRECT("Q"&(T95+70))="X",INDIRECT("Q"&(U95+70))="X",INDIRECT("Q"&(V95+70))="X"),1,0)} -> 3
T96: 1 | U96: 5 | V96: 14 | W96: {=IF(AND(INDIRECT("B"&(T96+70))="X",INDIRECT("B"&(U96+70))="X",INDIRECT("B"&(V96+70))="X"),1,0)+IF(AND(INDIRECT("C"&(T96+70))="X",INDIRECT("C"&(U96+70))="X",INDIRECT("C"&(V96+70))="X"),1,0)+IF(AND(INDIRECT("D"&(T96+70))="X",INDIRECT("D"&(U96+70))="X",INDIRECT("D"&(V96+70))="X"),1,0)+IF(AND(INDIRECT("E"&(T96+70))="X",INDIRECT("E"&(U96+70))="X",INDIRECT("E"&(V96+70))="X"),1,0)+IF(AND(INDIRECT("F"&(T96+70))="X",INDIRECT("F"&(U96+70))="X",INDIRECT("F"&(V96+70))="X"),1,0)+IF(AND(INDIRECT("G"&(T96+70))="X",INDIRECT("G"&(U96+70))="X",INDIRECT("G"&(V96+70))="X"),1,0)+IF(AND(INDIRECT("H"&(T96+70))="X",INDIRECT("H"&(U96+70))="X",INDIRECT("H"&(V96+70))="X"),1,0)+IF(AND(INDIRECT("I"&(T96+70))="X",INDIRECT("I"&(U96+70))="X",INDIRECT("I"&(V96+70))="X"),1,0)+IF(AND(INDIRECT("J"&(T96+70))="X",INDIRECT("J"&(U96+70))="X",INDIRECT("J"&(V96+70))="X"),1,0)+IF(AND(INDIRECT("K"&(T96+70))="X",INDIRECT("K"&(U96+70))="X",INDIRECT("K"&(V96+70))="X"),1,0)+IF(AND(INDIRECT("L"&(T96+70))="X",INDIRECT("L"&(U96+70))="X",INDIRECT("L"&(V96+70))="X"),1,0)+IF(AND(INDIRECT("M"&(T96+70))="X",INDIRECT("M"&(U96+70))="X",INDIRECT("M"&(V96+70))="X"),1,0)+IF(AND(INDIRECT("N"&(T96+70))="X",INDIRECT("N"&(U96+70))="X",INDIRECT("N"&(V96+70))="X"),1,0)+IF(AND(INDIRECT("O"&(T96+70))="X",INDIRECT("O"&(U96+70))="X",INDIRECT("O"&(V96+70))="X"),1,0)+IF(AND(INDIRECT("P"&(T96+70))="X",INDIRECT("P"&(U96+70))="X",INDIRECT("P"&(V96+70))="X"),1,0)+IF(AND(INDIRECT("Q"&(T96+70))="X",INDIRECT("Q"&(U96+70))="X",INDIRECT("Q"&(V96+70))="X"),1,0)} -> 1
... T418: 12 | U418: 13 | V418: 14 | W418: {=IF(AND(INDIRECT("B"&(T418+70))="X",INDIRECT("B"&(U418+70))="X",INDIRECT("B"&(V418+70))="X"),1,0)+IF(AND(INDIRECT("C"&(T418+70))="X",INDIRECT("C"&(U418+70))="X",INDIRECT("C"&(V418+70))="X"),1,0)+IF(AND(INDIRECT("D"&(T418+70))="X",INDIRECT("D"&(U418+70))="X",INDIRECT("D"&(V418+70))="X"),1,0)+IF(AND(INDIRECT("E"&(T418+70))="X",INDIRECT("E"&(U418+70))="X",INDIRECT("E"&(V418+70))="X"),1,0)+IF(AND(INDIRECT("F"&(T418+70))="X",INDIRECT("F"&(U418+70))="X",INDIRECT("F"&(V418+70))="X"),1,0)+IF(AND(INDIRECT("G"&(T418+70))="X",INDIRECT("G"&(U418+70))="X",INDIRECT("G"&(V418+70))="X"),1,0)+IF(AND(INDIRECT("H"&(T418+70))="X",INDIRECT("H"&(U418+70))="X",INDIRECT("H"&(V418+70))="X"),1,0)+IF(AND(INDIRECT("I"&(T418+70))="X",INDIRECT("I"&(U418+70))="X",INDIRECT("I"&(V418+70))="X"),1,0)+IF(AND(INDIRECT("J"&(T418+70))="X",INDIRECT("J"&(U418+70))="X",INDIRECT("J"&(V418+70))="X"),1,0)+IF(AND(INDIRECT("K"&(T418+70))="X",INDIRECT("K"&(U418+70))="X",INDIRECT("K"&(V418+70))="X"),1,0)+IF(AND(INDIRECT("L"&(T418+70))="X",INDIRECT("L"&(U418+70))="X",INDIRECT("L"&(V418+70))="X"),1,0)+IF(AND(INDIRECT("M"&(T418+70))="X",INDIRECT("M"&(U418+70))="X",INDIRECT("M"&(V418+70))="X"),1,0)+IF(AND(INDIRECT("N"&(T418+70))="X",INDIRECT("N"&(U418+70))="X",INDIRECT("N"&(V418+70))="X"),1,0)+IF(AND(INDIRECT("O"&(T418+70))="X",INDIRECT("O"&(U418+70))="X",INDIRECT("O"&(V418+70))="X"),1,0)+IF(AND(INDIRECT("P"&(T418+70))="X",INDIRECT("P"&(U418+70))="X",INDIRECT("P"&(V418+70))="X"),1,0)+IF(AND(INDIRECT("Q"&(T418+70))="X",INDIRECT("Q"&(U418+70))="X",INDIRECT("Q"&(V418+70))="X"),1,0)} -> 1

Sheet AP24
B1: 1 | C1: 2 | D1: 3 | E1: 4 | F1: 5 | G1: 6 | H1: 7 | I1: 8 | J1: 9 | K1: 10 | L1: 11 | M1: 12 | N1: 13 | O1: 14 | P1: Num1 | Q1: NumX | R1: Num2 | T1: DC25 | U1: DC24 | V1: DC23 | W1: DC22 | X1: DC21 | Y1: DC20 | Z1: DC19 | AA1: DC18 | AB1: DC17 | AC1: DC16 | AD1: DC15 | AE1: DC14 | AF1: DC13 | AG1: DC12 | AH1: DC11 | AI1: DC10 | AJ1: DC9 | AK1: DC8 | AL1: DC7 | AM1: DC6 | AN1: DC5 | AO1: DC4 | AP1: DC3 | AR1: 0 | AS1: =COUNTIFS(T$2:AP$24,AR1) -> 0
B2: ['X' | C2: 'X' | D2: '1' | E2: '1' | F2: '1' | G2: '2' | H2: '1' | I2: 'X' | J2: 'X' | K2: '1' | L2: 'X' | M2: '2' | N2: '2' | O2: '2'] | P2: =COUNTIF(B2:O2,A$26)+COUNTIF(B2:O2,A$36)+COUNTIF(B2:O2,A$39) -> 5 | Q2: =COUNTIF(B2:O2,A$27)+COUNTIF(B2:O2,A$37)+COUNTIF(B2:O2,A$40) -> 5 | R2: =COUNTIF(B2:O2,A$28)+COUNTIF(B2:O2,A$38)+COUNTIF(B2:O2,A$41) -> 4 | S2: =SUM(P2:R2) -> 14 | T2: =SUMPRODUCT(--(B2:O2=B$25:O$25)) -> 1 | U2: =SUMPRODUCT(--(B2:O2=B$24:O$24)) -> 2 | V2: =SUMPRODUCT(--(B2:O2=B$23:O$23)) -> 1 | W2: =SUMPRODUCT(--(B2:O2=B$22:O$22)) -> 5 | X2: =SUMPRODUCT(--(B2:O2=B$21:O$21)) -> 3 | Y2: =SUMPRODUCT(--(B2:O2=B$20:O$20)) -> 4 | Z2: =SUMPRODUCT(--(B2:O2=B$19:O$19)) -> 3 | AA2: =SUMPRODUCT(--(B2:O2=B$18:O$18)) -> 4 | AB2: =SUMPRODUCT(--(B2:O2=B$17:O$17)) -> 4 | AC2: =SUMPRODUCT(--(B2:O2=B$16:O$16)) -> 6 | AD2: =SUMPRODUCT(--(B2:O2=B$15:O$15)) -> 5 | AE2: =SUMPRODUCT(--(B2:O2=B$14:O$14)) -> 5 | AF2: =SUMPRODUCT(--(B2:O2=B$13:O$13)) -> 4 | AG2: =SUMPRODUCT(--(B2:O2=B$12:O$12)) -> 3 | AH2: =SUMPRODUCT(--(B2:O2=B$11:O$11)) -> 9 | AI2: =SUMPRODUCT(--(B2:O2=B$10:O$10)) -> 2 | AJ2: =SUMPRODUCT(--(B2:O2=B$9:O$9)) -> 5 | AK2: =SUMPRODUCT(--(B2:O2=B$8:O$8)) -> 5 | AL2: =SUMPRODUCT(--(B2:O2=B$7:O$7)) -> 7 | AM2: =SUMPRODUCT(--(B2:O2=B$6:O$6)) -> 4 | AN2: =SUMPRODUCT(--(B2:O2=B$5:O$5)) -> 6 | AO2: =SUMPRODUCT(--(B2:O2=B$4:O$4)) -> 7 | AP2: =SUMPRODUCT(--(B2:O2=B$3:O$3)) -> 5 | AR2: 1 | AS2: =COUNTIFS(T$2:AP$24,AR2) -> 2
B3: ['X' | C3: '1' | D3: '1' | E3: 'X' | F3: '1' | G3: '1' | H3: '1' | I3: '1' | J3: 'X' | K3: '2' | L3: '1' | M3: '1' | N3: 'X' | O3: '1'] | P3: =COUNTIF(B3:O3,A$26)+COUNTIF(B3:O3,A$36)+COUNTIF(B3:O3,A$39) -> 9 | Q3: =COUNTIF(B3:O3,A$27)+COUNTIF(B3:O3,A$37)+COUNTIF(B3:O3,A$40) -> 4 | R3: =COUNTIF(B3:O3,A$28)+COUNTIF(B3:O3,A$38)+COUNTIF(B3:O3,A$41) -> 1 | S3: =SUM(P3:R3) -> 14 | T3: =SUMPRODUCT(--(B3:O3=B$25:O$25)) -> 3 | U3: =SUMPRODUCT(--(B3:O3=B$24:O$24)) -> 6 | V3: =SUMPRODUCT(--(B3:O3=B$23:O$23)) -> 7 | W3: =SUMPRODUCT(--(B3:O3=B$22:O$22)) -> 7 | X3: =SUMPRODUCT(--(B3:O3=B$21:O$21)) -> 8 | Y3: =SUMPRODUCT(--(B3:O3=B$20:O$20)) -> 5 | Z3: =SUMPRODUCT(--(B3:O3=B$19:O$19)) -> 7 | AA3: =SUMPRODUCT(--(B3:O3=B$18:O$18)) -> 4 | AB3: =SUMPRODUCT(--(B3:O3=B$17:O$17)) -> 7 | AC3: =SUMPRODUCT(--(B3:O3=B$16:O$16)) -> 5 | AD3: =SUMPRODUCT(--(B3:O3=B$15:O$15)) -> 7 | AE3: =SUMPRODUCT(--(B3:O3=B$14:O$14)) -> 6 | AF3: =SUMPRODUCT(--(B3:O3=B$13:O$13)) -> 8 | AG3: =SUMPRODUCT(--(B3:O3=B$12:O$12)) -> 8 | AH3: =SUMPRODUCT(--(B3:O3=B$11:O$11)) -> 7 | AI3: =SUMPRODUCT(--(B3:O3=B$10:O$10)) -> 6 | AJ3: =SUMPRODUCT(--(B3:O3=B$9:O$9)) -> 8 | AK3: =SUMPRODUCT(--(B3:O3=B$8:O$8)) -> 6 | AL3: =SUMPRODUCT(--(B3:O3=B$7:O$7)) -> 3 | AM3: =SUMPRODUCT(--(B3:O3=B$6:O$6)) -> 6 | AN3: =SUMPRODUCT(--(B3:O3=B$5:O$5)) -> 6 | AO3: =SUMPRODUCT(--(B3:O3=B$4:O$4)) -> 5 | AR3: 2 | AS3: =COUNTIFS(T$2:AP$24,AR3) -> 12
B4: ['1' | C4: '1' | D4: 'X' | E4: '1' | F4: '1' | G4: 'X' | H4: '1' | I4: 'X' | J4: 'X' | K4: 'X' | L4: '1' | M4: 'X' | N4: '2' | O4: '2'] | P4: =COUNTIF(B4:O4,A$26)+COUNTIF(B4:O4,A$36)+COUNTIF(B4:O4,A$39) -> 6 | Q4: =COUNTIF(B4:O4,A$27)+COUNTIF(B4:O4,A$37)+COUNTIF(B4:O4,A$40) -> 6 | R4: =COUNTIF(B4:O4,A$28)+COUNTIF(B4:O4,A$38)+COUNTIF(B4:O4,A$41) -> 2 | S4: =SUM(P4:R4) -> 14 | T4: =SUMPRODUCT(--(B4:O4=B$25:O$25)) -> 4 | U4: =SUMPRODUCT(--(B4:O4=B$24:O$24)) -> 3 | V4: =SUMPRODUCT(--(B4:O4=B$23:O$23)) -> 4 | W4: =SUMPRODUCT(--(B4:O4=B$22:O$22)) -> 4 | X4: =SUMPRODUCT(--(B4:O4=B$21:O$21)) -> 4 | Y4: =SUMPRODUCT(--(B4:O4=B$20:O$20)) -> 4 | Z4: =SUMPRODUCT(--(B4:O4=B$19:O$19)) -> 5 | AA4: =SUMPRODUCT(--(B4:O4=B$18:O$18)) -> 4 | AB4: =SUMPRODUCT(--(B4:O4=B$17:O$17)) -> 7 | AC4: =SUMPRODUCT(--(B4:O4=B$16:O$16)) -> 8 | AD4: =SUMPRODUCT(--(B4:O4=B$15:O$15)) -> 5 | AE4: =SUMPRODUCT(--(B4:O4=B$14:O$14)) -> 5 | AF4: =SUMPRODUCT(--(B4:O4=B$13:O$13)) -> 6 | AG4: =SUMPRODUCT(--(B4:O4=B$12:O$12)) -> 4 | AH4: =SUMPRODUCT(--(B4:O4=B$11:O$11)) -> 6 | AI4: =SUMPRODUCT(--(B4:O4=B$10:O$10)) -> 4 | AJ4: =SUMPRODUCT(--(B4:O4=B$9:O$9)) -> 5 | AK4: =SUMPRODUCT(--(B4:O4=B$8:O$8)) -> 6 | AL4: =SUMPRODUCT(--(B4:O4=B$7:O$7)) -> 6 | AM4: =SUMPRODUCT(--(B4:O4=B$6:O$6)) -> 2 | AN4: =SUMPRODUCT(--(B4:O4=B$5:O$5)) -> 5 | AR4: 3 | AS4: =COUNTIFS(T$2:AP$24,AR4) -> 21
B5: ['2' | C5: 'X' | D5: '1' | E5: '1' | F5: '2' | G5: '1' | H5: '1' | I5: '2' | J5: 'X' | K5: '1' | L5: '1' | M5: 'X' | N5: '1' | O5: '1'] | P5: =COUNTIF(B5:O5,A$26)+COUNTIF(B5:O5,A$36)+COUNTIF(B5:O5,A$39) -> 8 | Q5: =COUNTIF(B5:O5,A$27)+COUNTIF(B5:O5,A$37)+COUNTIF(B5:O5,A$40) -> 3 | R5: =COUNTIF(B5:O5,A$28)+COUNTIF(B5:O5,A$38)+COUNTIF(B5:O5,A$41) -> 3 | S5: =SUM(P5:R5) -> 14 | T5: =SUMPRODUCT(--(B5:O5=B$25:O$25)) -> 4 | U5: =SUMPRODUCT(--(B5:O5=B$24:O$24)) -> 5 | V5: =SUMPRODUCT(--(B5:O5=B$23:O$23)) -> 7 | W5: =SUMPRODUCT(--(B5:O5=B$22:O$22)) -> 8 | X5: =SUMPRODUCT(--(B5:O5=B$21:O$21)) -> 7 | Y5: =SUMPRODUCT(--(B5:O5=B$20:O$20)) -> 6 | Z5: =SUMPRODUCT(--(B5:O5=B$19:O$19)) -> 6 | AA5: =SUMPRODUCT(--(B5:O5=B$18:O$18)) -> 5 | AB5: =SUMPRODUCT(--(B5:O5=B$17:O$17)) -> 8 | AC5: =SUMPRODUCT(--(B5:O5=B$16:O$16)) -> 4 | AD5: =SUMPRODUCT(--(B5:O5=B$15:O$15)) -> 4 | AE5: =SUMPRODUCT(--(B5:O5=B$14:O$14)) -> 7 | AF5: =SUMPRODUCT(--(B5:O5=B$13:O$13)) -> 5 | AG5: =SUMPRODUCT(--(B5:O5=B$12:O$12)) -> 6 | AH5: =SUMPRODUCT(--(B5:O5=B$11:O$11)) -> 6 | AI5: =SUMPRODUCT(--(B5:O5=B$10:O$10)) -> 4 | AJ5: =SUMPRODUCT(--(B5:O5=B$9:O$9)) -> 4 | AK5: =SUMPRODUCT(--(B5:O5=B$8:O$8)) -> 3 | AL5: =SUMPRODUCT(--(B5:O5=B$7:O$7)) -> 4 | AM5: =SUMPRODUCT(--(B5:O5=B$6:O$6)) -> 7 | AR5: 4 | AS5: =COUNTIFS(T$2:AP$24,AR5) -> 50
B6: ['X' | C6: '1' | D6: '1' | E6: '1' | F6: '2' | G6: '1' | H6: 'X' | I6: '2' | J6: '1' | K6: '2' | L6: '2' | M6: '2' | N6: '1' | O6: '1'] | P6: =COUNTIF(B6:O6,A$26)+COUNTIF(B6:O6,A$36)+COUNTIF(B6:O6,A$39) -> 7 | Q6: =COUNTIF(B6:O6,A$27)+COUNTIF(B6:O6,A$37)+COUNTIF(B6:O6,A$40) -> 2 | R6: =COUNTIF(B6:O6,A$28)+COUNTIF(B6:O6,A$38)+COUNTIF(B6:O6,A$41) -> 5 | S6: =SUM(P6:R6) -> 14 | T6: =SUMPRODUCT(--(B6:O6=B$25:O$25)) -> 5 | U6: =SUMPRODUCT(--(B6:O6=B$24:O$24)) -> 8 | V6: =SUMPRODUCT(--(B6:O6=B$23:O$23)) -> 8 | W6: =SUMPRODUCT(--(B6:O6=B$22:O$22)) -> 7 | X6: =SUMPRODUCT(--(B6:O6=B$21:O$21)) -> 6 | Y6: =SUMPRODUCT(--(B6:O6=B$20:O$20)) -> 8 | Z6: =SUMPRODUCT(--(B6:O6=B$19:O$19)) -> 5 | AA6: =SUMPRODUCT(--(B6:O6=B$18:O$18)) -> 8 | AB6: =SUMPRODUCT(--(B6:O6=B$17:O$17)) -> 6 | AC6: =SUMPRODUCT(--(B6:O6=B$16:O$16)) -> 3 | AD6: =SUMPRODUCT(--(B6:O6=B$15:O$15)) -> 6 | AE6: =SUMPRODUCT(--(B6:O6=B$14:O$14)) -> 5 | AF6: =SUMPRODUCT(--(B6:O6=B$13:O$13)) -> 4 | AG6: =SUMPRODUCT(--(B6:O6=B$12:O$12)) -> 5 | AH6: =SUMPRODUCT(--(B6:O6=B$11:O$11)) -> 3 | AI6: =SUMPRODUCT(--(B6:O6=B$10:O$10)) -> 5 | AJ6: =SUMPRODUCT(--(B6:O6=B$9:O$9)) -> 6 | AK6: =SUMPRODUCT(--(B6:O6=B$8:O$8)) -> 7 | AL6: =SUMPRODUCT(--(B6:O6=B$7:O$7)) -> 3 | AR6: 5 | AS6: =COUNTIFS(T$2:AP$24,AR6) -> 66
B7: ['X' | C7: 'X' | D7: 'X' | E7: '2' | F7: '1' | G7: 'X' | H7: '2' | I7: 'X' | J7: '2' | K7: '1' | L7: '1' | M7: '2' | N7: '1' | O7: '2'] | P7: =COUNTIF(B7:O7,A$26)+COUNTIF(B7:O7,A$36)+COUNTIF(B7:O7,A$39) -> 4 | Q7: =COUNTIF(B7:O7,A$27)+COUNTIF(B7:O7,A$37)+COUNTIF(B7:O7,A$40) -> 5 | R7: =COUNTIF(B7:O7,A$28)+COUNTIF(B7:O7,A$38)+COUNTIF(B7:O7,A$41) -> 5 | S7: =SUM(P7:R7) -> 14 | T7: =SUMPRODUCT(--(B7:O7=B$25:O$25)) -> 4 | U7: =SUMPRODUCT(--(B7:O7=B$24:O$24)) -> 3 | V7: =SUMPRODUCT(--(B7:O7=B$23:O$23)) -> 3 | W7: =SUMPRODUCT(--(B7:O7=B$22:O$22)) -> 2 | X7: =SUMPRODUCT(--(B7:O7=B$21:O$21)) -> 6 | Y7: =SUMPRODUCT(--(B7:O7=B$20:O$20)) -> 3 | Z7: =SUMPRODUCT(--(B7:O7=B$19:O$19)) -> 4 | AA7: =SUMPRODUCT(--(B7:O7=B$18:O$18)) -> 3 | AB7: =SUMPRODUCT(--(B7:O7=B$17:O$17)) -> 2 | AC7: =SUMPRODUCT(--(B7:O7=B$16:O$16)) -> 5 | AD7: =SUMPRODUCT(--(B7:O7=B$15:O$15)) -> 6 | AE7: =SUMPRODUCT(--(B7:O7=B$14:O$14)) -> 7 | AF7: =SUMPRODUCT(--(B7:O7=B$13:O$13)) -> 5 | AG7: =SUMPRODUCT(--(B7:O7=B$12:O$12)) -> 2 | AH7: =SUMPRODUCT(--(B7:O7=B$11:O$11)) -> 5 | AI7: =SUMPRODUCT(--(B7:O7=B$10:O$10)) -> 2 | AJ7: =SUMPRODUCT(--(B7:O7=B$9:O$9)) -> 2 | AK7: =SUMPRODUCT(--(B7:O7=B$8:O$8)) -> 7 | AR7: 6 | AS7: =COUNTIFS(T$2:AP$24,AR7) -> 47
B8: ['X' | C8: '1' | D8: 'X' | E8: '1' | F8: '1' | G8: 'X' | H8: '1' | I8: '1' | J8: '2' | K8: '2' | L8: '2' | M8: '2' | N8: '1' | O8: 'X'] | P8: =COUNTIF(B8:O8,A$26)+COUNTIF(B8:O8,A$36)+COUNTIF(B8:O8,A$39) -> 6 | Q8: =COUNTIF(B8:O8,A$27)+COUNTIF(B8:O8,A$37)+COUNTIF(B8:O8,A$40) -> 4 | R8: =COUNTIF(B8:O8,A$28)+COUNTIF(B8:O8,A$38)+COUNTIF(B8:O8,A$41) -> 4 | S8: =SUM(P8:R8) -> 14 | T8: =SUMPRODUCT(--(B8:O8=B$25:O$25)) -> 5 | U8: =SUMPRODUCT(--(B8:O8=B$24:O$24)) -> 3 | V8: =SUMPRODUCT(--(B8:O8=B$23:O$23)) -> 2 | W8: =SUMPRODUCT(--(B8:O8=B$22:O$22)) -> 3 | X8: =SUMPRODUCT(--(B8:O8=B$21:O$21)) -> 4 | Y8: =SUMPRODUCT(--(B8:O8=B$20:O$20)) -> 4 | Z8: =SUMPRODUCT(--(B8:O8=B$19:O$19)) -> 8 | AA8: =SUMPRODUCT(--(B8:O8=B$18:O$18)) -> 5 | AB8: =SUMPRODUCT(--(B8:O8=B$17:O$17)) -> 5 | AC8: =SUMPRODUCT(--(B8:O8=B$16:O$16)) -> 4 | AD8: =SUMPRODUCT(--(B8:O8=B$15:O$15)) -> 6 | AE8: =SUMPRODUCT(--(B8:O8=B$14:O$14)) -> 4 | AF8: =SUMPRODUCT(--(B8:O8=B$13:O$13)) -> 4 | AG8: =SUMPRODUCT(--(B8:O8=B$12:O$12)) -> 5 | AH8: =SUMPRODUCT(--(B8:O8=B$11:O$11)) -> 2 | AI8: =SUMPRODUCT(--(B8:O8=B$10:O$10)) -> 5 | AJ8: =SUMPRODUCT(--(B8:O8=B$9:O$9)) -> 4 | AR8: 7 | AS8: =COUNTIFS(T$2:AP$24,AR8) -> 39
B9: ['X' | C9: '1' | D9: '2' | E9: 'X' | F9: '1' | G9: '1' | H9: '1' | I9: '2' | J9: '1' | K9: 'X' | L9: 'X' | M9: '1' | N9: '2' | O9: '1'] | P9: =COUNTIF(B9:O9,A$26)+COUNTIF(B9:O9,A$36)+COUNTIF(B9:O9,A$39) -> 7 | Q9: =COUNTIF(B9:O9,A$27)+COUNTIF(B9:O9,A$37)+COUNTIF(B9:O9,A$40) -> 4 | R9: =COUNTIF(B9:O9,A$28)+COUNTIF(B9:O9,A$38)+COUNTIF(B9:O9,A$41) -> 3 | S9: =SUM(P9:R9) -> 14 | T9: =SUMPRODUCT(--(B9:O9=B$25:O$25)) -> 3 | U9: =SUMPRODUCT(--(B9:O9=B$24:O$24)) -> 5 | V9: =SUMPRODUCT(--(B9:O9=B$23:O$23)) -> 8 | W9: =SUMPRODUCT(--(B9:O9=B$22:O$22)) -> 5 | X9: =SUMPRODUCT(--(B9:O9=B$21:O$21)) -> 7 | Y9: =SUMPRODUCT(--(B9:O9=B$20:O$20)) -> 4 | Z9: =SUMPRODUCT(--(B9:O9=B$19:O$19)) -> 5 | AA9: =SUMPRODUCT(--(B9:O9=B$18:O$18)) -> 5 | AB9: =SUMPRODUCT(--(B9:O9=B$17:O$17)) -> 7 | AC9: =SUMPRODUCT(--(B9:O9=B$16:O$16)) -> 5 | AD9: =SUMPRODUCT(--(B9:O9=B$15:O$15)) -> 5 | AE9: =SUMPRODUCT(--(B9:O9=B$14:O$14)) -> 4 | AF9: =SUMPRODUCT(--(B9:O9=B$13:O$13)) -> 5 | AG9: =SUMPRODUCT(--(B9:O9=B$12:O$12)) -> 4 | AH9: =SUMPRODUCT(--(B9:O9=B$11:O$11)) -> 5 | AI9: =SUMPRODUCT(--(B9:O9=B$10:O$10)) -> 6 | AR9: 8 | AS9: =COUNTIFS(T$2:AP$24,AR9) -> 25
B10: ['1' | C10: '2' | D10: '1' | E10: 'X' | F10: 'X' | G10: 'X' | H10: '1' | I10: '1' | J10: '1' | K10: 'X' | L10: '2' | M10: '1' | N10: '1' | O10: '1'] | P10: =COUNTIF(B10:O10,A$26)+COUNTIF(B10:O10,A$36)+COUNTIF(B10:O10,A$39) -> 8 | Q10: =COUNTIF(B10:O10,A$27)+COUNTIF(B10:O10,A$37)+COUNTIF(B10:O10,A$40) -> 4 | R10: =COUNTIF(B10:O10,A$28)+COUNTIF(B10:O10,A$38)+COUNTIF(B10:O10,A$41) -> 2 | S10: =SUM(P10:R10) -> 14 | T10: =SUMPRODUCT(--(B10:O10=B$25:O$25)) -> 3 | U10: =SUMPRODUCT(--(B10:O10=B$24:O$24)) -> 7 | V10: =SUMPRODUCT(--(B10:O10=B$23:O$23)) -> 8 | W10: =SUMPRODUCT(--(B10:O10=B$22:O$22)) -> 6 | X10: =SUMPRODUCT(--(B10:O10=B$21:O$21)) -> 6 | Y10: =SUMPRODUCT(--(B10:O10=B$20:O$20)) -> 5 | Z10: =SUMPRODUCT(--(B10:O10=B$19:O$19)) -> 6 | AA10: =SUMPRODUCT(--(B10:O10=B$18:O$18)) -> 4 | AB10: =SUMPRODUCT(--(B10:O10=B$17:O$17)) -> 4 | AC10: =SUMPRODUCT(--(B10:O10=B$16:O$16)) -> 8 | AD10: =SUMPRODUCT(--(B10:O10=B$15:O$15)) -> 4 | AE10: =SUMPRODUCT(--(B10:O10=B$14:O$14)) -> 7 | AF10: =SUMPRODUCT(--(B10:O10=B$13:O$13)) -> 7 | AG10: =SUMPRODUCT(--(B10:O10=B$12:O$12)) -> 9 | AH10: =SUMPRODUCT(--(B10:O10=B$11:O$11)) -> 5 | AR10: 9 | AS10: =COUNTIFS(T$2:AP$24,AR10) -> 10
B11: ['X' | C11: '2' | D11: '1' | E11: 'X' | F11: '2' | G11: '2' | H11: '1' | I11: 'X' | J11: 'X' | K11: '1' | L11: '1' | M11: '1' | N11: '2' | O11: '2'] | P11: =COUNTIF(B11:O11,A$26)+COUNTIF(B11:O11,A$36)+COUNTIF(B11:O11,A$39) -> 5 | Q11: =COUNTIF(B11:O11,A$27)+COUNTIF(B11:O11,A$37)+COUNTIF(B11:O11,A$40) -> 4 | R11: =COUNTIF(B11:O11,A$28)+COUNTIF(B11:O11,A$38)+COUNTIF(B11:O11,A$41) -> 5 | S11: =SUM(P11:R11) -> 14 | T11: =SUMPRODUCT(--(B11:O11=B$25:O$25)) -> 2 | U11: =SUMPRODUCT(--(B11:O11=B$24:O$24)) -> 4 | V11: =SUMPRODUCT(--(B11:O11=B$23:O$23)) -> 5 | W11: =SUMPRODUCT(--(B11:O11=B$22:O$22)) -> 6 | X11: =SUMPRODUCT(--(B11:O11=B$21:O$21)) -> 5 | Y11: =SUMPRODUCT(--(B11:O11=B$20:O$20)) -> 5 | Z11: =SUMPRODUCT(--(B11:O11=B$19:O$19)) -> 4 | AA11: =SUMPRODUCT(--(B11:O11=B$18:O$18)) -> 4 | AB11: =SUMPRODUCT(--(B11:O11=B$17:O$17)) -> 3 | AC11: =SUMPRODUCT(--(B11:O11=B$16:O$16)) -> 6 | AD11: =SUMPRODUCT(--(B11:O11=B$15:O$15)) -> 6 | AE11: =SUMPRODUCT(--(B11:O11=B$14:O$14)) -> 6 | AF11: =SUMPRODUCT(--(B11:O11=B$13:O$13)) -> 5 | AG11: =SUMPRODUCT(--(B11:O11=B$12:O$12)) -> 5 | AR11: 10 | AS11: =COUNTIFS(T$2:AP$24,AR11) -> 2
B12: ['2' | C12: '2' | D12: '1' | E12: '1' | F12: 'X' | G12: 'X' | H12: '1' | I12: '1' | J12: '1' | K12: '2' | L12: '1' | M12: '1' | N12: 'X' | O12: '1'] | P12: =COUNTIF(B12:O12,A$26)+COUNTIF(B12:O12,A$36)+COUNTIF(B12:O12,A$39) -> 8 | Q12: =COUNTIF(B12:O12,A$27)+COUNTIF(B12:O12,A$37)+COUNTIF(B12:O12,A$40) -> 3 | R12: =COUNTIF(B12:O12,A$28)+COUNTIF(B12:O12,A$38)+COUNTIF(B12:O12,A$41) -> 3 | S12: =SUM(P12:R12) -> 14 | T12: =SUMPRODUCT(--(B12:O12=B$25:O$25)) -> 3 | U12: =SUMPRODUCT(--(B12:O12=B$24:O$24)) -> 7 | V12: =SUMPRODUCT(--(B12:O12=B$23:O$23)) -> 5 | W12: =SUMPRODUCT(--(B12:O12=B$22:O$22)) -> 9 | X12: =SUMPRODUCT(--(B12:O12=B$21:O$21)) -> 4 | Y12: =SUMPRODUCT(--(B12:O12=B$20:O$20)) -> 8 | Z12: =SUMPRODUCT(--(B12:O12=B$19:O$19)) -> 9 | AA12: =SUMPRODUCT(--(B12:O12=B$18:O$18)) -> 6 | AB12: =SUMPRODUCT(--(B12:O12=B$17:O$17)) -> 7 | AC12: =SUMPRODUCT(--(B12:O12=B$16:O$16)) -> 5 | AD12: =SUMPRODUCT(--(B12:O12=B$15:O$15)) -> 4 | AE12: =SUMPRODUCT(--(B12:O12=B$14:O$14)) -> 5 | AF12: =SUMPRODUCT(--(B12:O12=B$13:O$13)) -> 5 | AR12: 11 | AS12: =COUNTIFS(T$2:AP$24,AR12) -> 2
B13: ['1' | C13: '1' | D13: '1' | E13: '2' | F13: '1' | G13: '2' | H13: '2' | I13: '1' | J13: 'X' | K13: 'X' | L13: '1' | M13: '1' | N13: '1' | O13: '1'] | P13: =COUNTIF(B13:O13,A$26)+COUNTIF(B13:O13,A$36)+COUNTIF(B13:O13,A$39) -> 9 | Q13: =COUNTIF(B13:O13,A$27)+COUNTIF(B13:O13,A$37)+COUNTIF(B13:O13,A$40) -> 2 | R13: =COUNTIF(B13:O13,A$28)+COUNTIF(B13:O13,A$38)+COUNTIF(B13:O13,A$41) -> 3 | S13: =SUM(P13:R13) -> 14 | T13: =SUMPRODUCT(--(B13:O13=B$25:O$25)) -> 6 | U13: =SUMPRODUCT(--(B13:O13=B$24:O$24)) -> 9 | V13: =SUMPRODUCT(--(B13:O13=B$23:O$23)) -> 9 | W13: =SUMPRODUCT(--(B13:O13=B$22:O$22)) -> 6 | X13: =SUMPRODUCT(--(B13:O13=B$21:O$21)) -> 9 | Y13: =SUMPRODUCT(--(B13:O13=B$20:O$20)) -> 6 | Z13: =SUMPRODUCT(--(B13:O13=B$19:O$19)) -> 5 | AA13: =SUMPRODUCT(--(B13:O13=B$18:O$18)) -> 5 | AB13: =SUMPRODUCT(--(B13:O13=B$17:O$17)) -> 5 | AC13: =SUMPRODUCT(--(B13:O13=B$16:O$16)) -> 8 | AD13: =SUMPRODUCT(--(B13:O13=B$15:O$15)) -> 7 | AE13: =SUMPRODUCT(--(B13:O13=B$14:O$14)) -> 8 | AR13: 12 | AS13: =COUNTIFS(T$2:AP$24,AR13) -> 0
B14: ['1' | C14: '2' | D14: '1' | E14: 'X' | F14: '1' | G14: 'X' | H14: '2' | I14: '2' | J14: 'X' | K14: '1' | L14: '1' | M14: '2' | N14: '1' | O14: '1'] | P14: =COUNTIF(B14:O14,A$26)+COUNTIF(B14:O14,A$36)+COUNTIF(B14:O14,A$39) -> 7 | Q14: =COUNTIF(B14:O14,A$27)+COUNTIF(B14:O14,A$37)+COUNTIF(B14:O14,A$40) -> 3 | R14: =COUNTIF(B14:O14,A$28)+COUNTIF(B14:O14,A$38)+COUNTIF(B14:O14,A$41) -> 4 | S14: =SUM(P14:R14) -> 14 | T14: =SUMPRODUCT(--(B14:O14=B$25:O$25)) -> 4 | U14: =SUMPRODUCT(--(B14:O14=B$24:O$24)) -> 6 | V14: =SUMPRODUCT(--(B14:O14=B$23:O$23)) -> 8 | W14: =SUMPRODUCT(--(B14:O14=B$22:O$22)) -> 5 | X14: =SUMPRODUCT(--(B14:O14=B$21:O$21)) -> 10 | Y14: =SUMPRODUCT(--(B14:O14=B$20:O$20)) -> 4 | Z14: =SUMPRODUCT(--(B14:O14=B$19:O$19)) -> 4 | AA14: =SUMPRODUCT(--(B14:O14=B$18:O$18)) -> 2 | AB14: =SUMPRODUCT(--(B14:O14=B$17:O$17)) -> 4 | AC14: =SUMPRODUCT(--(B14:O14=B$16:O$16)) -> 5 | AD14: =SUMPRODUCT(--(B14:O14=B$15:O$15)) -> 6 | AR14: 13 | AS14: =COUNTIFS(T$2:AP$24,AR14) -> 0
B15: ['X' | C15: '1' | D15: '1' | E15: 'X' | F15: '1' | G15: '2' | H15: '2' | I15: 'X' | J15: '1' | K15: '2' | L15: '1' | M15: 'X' | N15: '1' | O15: 'X'] | P15: =COUNTIF(B15:O15,A$26)+COUNTIF(B15:O15,A$36)+COUNTIF(B15:O15,A$39) -> 6 | Q15: =COUNTIF(B15:O15,A$27)+COUNTIF(B15:O15,A$37)+COUNTIF(B15:O15,A$40) -> 5 | R15: =COUNTIF(B15:O15,A$28)+COUNTIF(B15:O15,A$38)+COUNTIF(B15:O15,A$41) -> 3 | S15: =SUM(P15:R15) -> 14 | T15: =SUMPRODUCT(--(B15:O15=B$25:O$25)) -> 7 | U15: =SUMPRODUCT(--(B15:O15=B$24:O$24)) -> 7 | V15: =SUMPRODUCT(--(B15:O15=B$23:O$23)) -> 7 | W15: =SUMPRODUCT(--(B15:O15=B$22:O$22)) -> 5 | X15: =SUMPRODUCT(--(B15:O15=B$21:O$21)) -> 7 | Y15: =SUMPRODUCT(--(B15:O15=B$20:O$20)) -> 7 | Z15: =SUMPRODUCT(--(B15:O15=B$19:O$19)) -> 6 | AA15: =SUMPRODUCT(--(B15:O15=B$18:O$18)) -> 6 | AB15: =SUMPRODUCT(--(B15:O15=B$17:O$17)) -> 7 | AC15: =SUMPRODUCT(--(B15:O15=B$16:O$16)) -> 4 | AR15: 14 | AS15: =COUNTIFS(T$2:AP$24,AR15) -> 0
B16: ['1' | C16: '1' | D16: '1' | E16: '2' | F16: 'X' | G16: 'X' | H16: '1' | I16: 'X' | J16: 'X' | K16: 'X' | L16: 'X' | M16: '1' | N16: '1' | O16: '2'] | P16: =COUNTIF(B16:O16,A$26)+COUNTIF(B16:O16,A$36)+COUNTIF(B16:O16,A$39) -> 6 | Q16: =COUNTIF(B16:O16,A$27)+COUNTIF(B16:O16,A$37)+COUNTIF(B16:O16,A$40) -> 6 | R16: =COUNTIF(B16:O16,A$28)+COUNTIF(B16:O16,A$38)+COUNTIF(B16:O16,A$41) -> 2 | S16: =SUM(P16:R16) -> 14 | T16: =SUMPRODUCT(--(B16:O16=B$25:O$25)) -> 5 | U16: =SUMPRODUCT(--(B16:O16=B$24:O$24)) -> 7 | V16: =SUMPRODUCT(--(B16:O16=B$23:O$23)) -> 6 | W16: =SUMPRODUCT(--(B16:O16=B$22:O$22)) -> 4 | X16: =SUMPRODUCT(--(B16:O16=B$21:O$21)) -> 5 | Y16: =SUMPRODUCT(--(B16:O16=B$20:O$20)) -> 6 | Z16: =SUMPRODUCT(--(B16:O16=B$19:O$19)) -> 3 | AA16: =SUMPRODUCT(--(B16:O16=B$18:O$18)) -> 5 | AB16: =SUMPRODUCT(--(B16:O16=B$17:O$17)) -> 4
B17: ['2' | C17: '1' | D17: '1' | E17: '1' | F17: '1' | G17: '1' | H17: '1' | I17: '2' | J17: '1' | K17: 'X' | L17: '1' | M17: 'X' | N17: 'X' | O17: 'X'] | P17: =COUNTIF(B17:O17,A$26)+COUNTIF(B17:O17,A$36)+COUNTIF(B17:O17,A$39) -> 8 | Q17: =COUNTIF(B17:O17,A$27)+COUNTIF(B17:O17,A$37)+COUNTIF(B17:O17,A$40) -> 4 | R17: =COUNTIF(B17:O17,A$28)+COUNTIF(B17:O17,A$38)+COUNTIF(B17:O17,A$41) -> 2 | S17: =SUM(P17:R17) -> 14 | T17: =SUMPRODUCT(--(B17:O17=B$25:O$25)) -> 5 | U17: =SUMPRODUCT(--(B17:O17=B$24:O$24)) -> 5 | V17: =SUMPRODUCT(--(B17:O17=B$23:O$23)) -> 7 | W17: =SUMPRODUCT(--(B17:O17=B$22:O$22)) -> 7 | X17: =SUMPRODUCT(--(B17:O17=B$21:O$21)) -> 6 | Y17: =SUMPRODUCT(--(B17:O17=B$20:O$20)) -> 7 | Z17: =SUMPRODUCT(--(B17:O17=B$19:O$19)) -> 8 | AA17: =SUMPRODUCT(--(B17:O17=B$18:O$18)) -> 4
B18: ['2' | C18: '1' | D18: 'X' | E18: '1' | F18: '2' | G18: '2' | H18: 'X' | I18: 'X' | J18: '1' | K18: '2' | L18: 'X' | M18: '1' | N18: '1' | O18: '1'] | P18: =COUNTIF(B18:O18,A$26)+COUNTIF(B18:O18,A$36)+COUNTIF(B18:O18,A$39) -> 6 | Q18: =COUNTIF(B18:O18,A$27)+COUNTIF(B18:O18,A$37)+COUNTIF(B18:O18,A$40) -> 4 | R18: =COUNTIF(B18:O18,A$28)+COUNTIF(B18:O18,A$38)+COUNTIF(B18:O18,A$41) -> 4 | S18: =SUM(P18:R18) -> 14 | T18: =SUMPRODUCT(--(B18:O18=B$25:O$25)) -> 5 | U18: =SUMPRODUCT(--(B18:O18=B$24:O$24)) -> 8 | V18: =SUMPRODUCT(--(B18:O18=B$23:O$23)) -> 6 | W18: =SUMPRODUCT(--(B18:O18=B$22:O$22)) -> 7 | X18: =SUMPRODUCT(--(B18:O18=B$21:O$21)) -> 4 | Y18: =SUMPRODUCT(--(B18:O18=B$20:O$20)) -> 9 | Z18: =SUMPRODUCT(--(B18:O18=B$19:O$19)) -> 7
B19: ['2' | C19: '2' | D19: 'X' | E19: '1' | F19: '1' | G19: '1' | H19: '1' | I19: '1' | J19: '1' | K19: '2' | L19: '1' | M19: '1' | N19: '1' | O19: 'X'] | P19: =COUNTIF(B19:O19,A$26)+COUNTIF(B19:O19,A$36)+COUNTIF(B19:O19,A$39) -> 9 | Q19: =COUNTIF(B19:O19,A$27)+COUNTIF(B19:O19,A$37)+COUNTIF(B19:O19,A$40) -> 2 | R19: =COUNTIF(B19:O19,A$28)+COUNTIF(B19:O19,A$38)+COUNTIF(B19:O19,A$41) -> 3 | S19: =SUM(P19:R19) -> 14 | T19: =SUMPRODUCT(--(B19:O19=B$25:O$25)) -> 4 | U19: =SUMPRODUCT(--(B19:O19=B$24:O$24)) -> 5 | V19: =SUMPRODUCT(--(B19:O19=B$23:O$23)) -> 5 | W19: =SUMPRODUCT(--(B19:O19=B$22:O$22)) -> 6 | X19: =SUMPRODUCT(--(B19:O19=B$21:O$21)) -> 5 | Y19: =SUMPRODUCT(--(B19:O19=B$20:O$20)) -> 7
B20: ['2' | C20: '1' | D20: '1' | E20: '1' | F20: 'X' | G20: '2' | H20: 'X' | I20: '2' | J20: '1' | K20: '2' | L20: '1' | M20: '1' | N20: '1' | O20: '2'] | P20: =COUNTIF(B20:O20,A$26)+COUNTIF(B20:O20,A$36)+COUNTIF(B20:O20,A$39) -> 7 | Q20: =COUNTIF(B20:O20,A$27)+COUNTIF(B20:O20,A$37)+COUNTIF(B20:O20,A$40) -> 2 | R20: =COUNTIF(B20:O20,A$28)+COUNTIF(B20:O20,A$38)+COUNTIF(B20:O20,A$41) -> 5 | S20: =SUM(P20:R20) -> 14 | T20: =SUMPRODUCT(--(B20:O20=B$25:O$25)) -> 8 | U20: =SUMPRODUCT(--(B20:O20=B$24:O$24)) -> 11 | V20: =SUMPRODUCT(--(B20:O20=B$23:O$23)) -> 7 | W20: =SUMPRODUCT(--(B20:O20=B$22:O$22)) -> 8 | X20: =SUMPRODUCT(--(B20:O20=B$21:O$21)) -> 6
B21: ['1' | C21: '1' | D21: '1' | E21: 'X' | F21: '1' | G21: '1' | H21: '2' | I21: '2' | J21: '2' | K21: '1' | L21: '1' | M21: '1' | N21: '1' | O21: '1'] | P21: =COUNTIF(B21:O21,A$26)+COUNTIF(B21:O21,A$36)+COUNTIF(B21:O21,A$39) -> 10 | Q21: =COUNTIF(B21:O21,A$27)+COUNTIF(B21:O21,A$37)+COUNTIF(B21:O21,A$40) -> 1 | R21: =COUNTIF(B21:O21,A$28)+COUNTIF(B21:O21,A$38)+COUNTIF(B21:O21,A$41) -> 3 | S21: =SUM(P21:R21) -> 14 | T21: =SUMPRODUCT(--(B21:O21=B$25:O$25)) -> 6 | U21: =SUMPRODUCT(--(B21:O21=B$24:O$24)) -> 8 | V21: =SUMPRODUCT(--(B21:O21=B$23:O$23)) -> 11 | W21: =SUMPRODUCT(--(B21:O21=B$22:O$22)) -> 6
B22: ['1' | C22: 'X' | D22: '1' | E22: '1' | F22: '2' | G22: '2' | H22: '1' | I22: '2' | J22: '1' | K22: '2' | L22: '1' | M22: '1' | N22: 'X' | O22: '1'] | P22: =COUNTIF(B22:O22,A$26)+COUNTIF(B22:O22,A$36)+COUNTIF(B22:O22,A$39) -> 8 | Q22: =COUNTIF(B22:O22,A$27)+COUNTIF(B22:O22,A$37)+COUNTIF(B22:O22,A$40) -> 2 | R22: =COUNTIF(B22:O22,A$28)+COUNTIF(B22:O22,A$38)+COUNTIF(B22:O22,A$41) -> 4 | S22: =SUM(P22:R22) -> 14 | T22: =SUMPRODUCT(--(B22:O22=B$25:O$25)) -> 5 | U22: =SUMPRODUCT(--(B22:O22=B$24:O$24)) -> 9 | V22: =SUMPRODUCT(--(B22:O22=B$23:O$23)) -> 8
B23: ['1' | C23: '1' | D23: '1' | E23: 'X' | F23: '2' | G23: '1' | H23: '2' | I23: '2' | J23: '1' | K23: 'X' | L23: '1' | M23: '1' | N23: '1' | O23: '1'] | P23: =COUNTIF(B23:O23,A$26)+COUNTIF(B23:O23,A$36)+COUNTIF(B23:O23,A$39) -> 9 | Q23: =COUNTIF(B23:O23,A$27)+COUNTIF(B23:O23,A$37)+COUNTIF(B23:O23,A$40) -> 2 | R23: =COUNTIF(B23:O23,A$28)+COUNTIF(B23:O23,A$38)+COUNTIF(B23:O23,A$41) -> 3 | S23: =SUM(P23:R23) -> 14 | T23: =SUMPRODUCT(--(B23:O23=B$25:O$25)) -> 5 | U23: =SUMPRODUCT(--(B23:O23=B$24:O$24)) -> 9
B24: ['1' | C24: '1' | D24: '1' | E24: '2' | F24: 'X' | G24: '2' | H24: 'X' | I24: '2' | J24: '1' | K24: '2' | L24: '1' | M24: '1' | N24: '1' | O24: '1'] | P24: =COUNTIF(B24:O24,A$26)+COUNTIF(B24:O24,A$36)+COUNTIF(B24:O24,A$39) -> 8 | Q24: =COUNTIF(B24:O24,A$27)+COUNTIF(B24:O24,A$37)+COUNTIF(B24:O24,A$40) -> 2 | R24: =COUNTIF(B24:O24,A$28)+COUNTIF(B24:O24,A$38)+COUNTIF(B24:O24,A$41) -> 4 | S24: =SUM(P24:R24) -> 14 | T24: =SUMPRODUCT(--(B24:O24=B$25:O$25)) -> 10
B25: ['1' | C25: '1' | D25: '2' | E25: '2' | F25: 'X' | G25: '2' | H25: 'X' | I25: '2' | J25: '2' | K25: '2' | L25: '1' | M25: 'X' | N25: '1' | O25: 'X'] | P25: =COUNTIF(B25:O25,A$26)+COUNTIF(B25:O25,A$36)+COUNTIF(B25:O25,A$39) -> 4 | Q25: =COUNTIF(B25:O25,A$27)+COUNTIF(B25:O25,A$37)+COUNTIF(B25:O25,A$40) -> 4 | R25: =COUNTIF(B25:O25,A$28)+COUNTIF(B25:O25,A$38)+COUNTIF(B25:O25,A$41) -> 6 | S25: =SUM(P25:R25) -> 14
A26: '1' | B26: =COUNTIF(B2:B25,$A36) -> 10 | C26: =COUNTIF(C2:C25,$A26) -> 15 | D26: =COUNTIF(D2:D25,$A26) -> 17 | E26: =COUNTIF(E2:E25,$A26) -> 11 | F26: =COUNTIF(F2:F25,$A26) -> 12 | G26: =COUNTIF(G2:G25,$A26) -> 8 | H26: =COUNTIF(H2:H25,$A26) -> 13 | I26: =COUNTIF(I2:I25,$A26) -> 6 | J26: =COUNTIF(J2:J25,$A26) -> 12 | ... N26: =COUNTIF(N2:N25,$A26) -> 16 | O26: =COUNTIF(O2:O25,$A39) -> 13 | T26: =SUM(T2:T25) -> 107 | U26: =SUM(U2:U25) -> 137 | V26: =SUM(V2:V25) -> 132 | W26: =SUM(W2:W25) -> 116 | X26: =SUM(X2:X25) -> 112 | Y26: =SUM(Y2:Y25) -> 102 | Z26: =SUM(Z2:Z25) -> 95 | AA26: =SUM(AA2:AA25) -> 74 | ... AP26: =SUM(AP2:AP25) -> 5 | AQ26: =SUM(T26:AP26) -> 1506
A27: 'X' | B27: =COUNTIF(B2:B25,$A37) -> 8 | C27: =COUNTIF(C2:C25,$A27) -> 4 | D27: =COUNTIF(D2:D25,$A27) -> 5 | E27: =COUNTIF(E2:E25,$A27) -> 8 | F27: =COUNTIF(F2:F25,$A27) -> 6 | G27: =COUNTIF(G2:G25,$A27) -> 7 | H27: =COUNTIF(H2:H25,$A27) -> 5 | I27: =COUNTIF(I2:I25,$A27) -> 7 | J27: =COUNTIF(J2:J25,$A27) -> 8 | ... N27: =COUNTIF(N2:N25,$A27) -> 4 | O27: =COUNTIF(O2:O25,$A40) -> 5
A28: '2' | B28: =COUNTIF(B2:B25,$A38) -> 6 | C28: =COUNTIF(C2:C25,$A28) -> 5 | D28: =COUNTIF(D2:D25,$A28) -> 2 | E28: =COUNTIF(E2:E25,$A28) -> 5 | F28: =COUNTIF(F2:F25,$A28) -> 6 | G28: =COUNTIF(G2:G25,$A28) -> 9 | H28: =COUNTIF(H2:H25,$A28) -> 6 | I28: =COUNTIF(I2:I25,$A28) -> 11 | J28: =COUNTIF(J2:J25,$A28) -> 4 | ... N28: =COUNTIF(N2:N25,$A28) -> 4 | O28: =COUNTIF(O2:O25,$A41) -> 6
B29: =SUM(B26:B28) -> 24 | C29: =SUM(C26:C28) -> 24 | D29: =SUM(D26:D28) -> 24 | E29: =SUM(E26:E28) -> 24 | F29: =SUM(F26:F28) -> 24 | G29: =SUM(G26:G28) -> 24 | H29: =SUM(H26:H28) -> 24 | I29: =SUM(I26:I28) -> 24 | ... O29: =SUM(O26:O28) -> 24
A30: N1 | B30: 12 | C30: 16 | D30: 17 | E30: 11 | F30: 12 | G30: 8 | H30: 13 | I30: 6 | J30: 12 | K30: 6 | L30: 18 | M30: 14 | N30: 17 | O30: 13
A31: NX | B31: 7 | C31: 5 | D31: 5 | E31: 8 | F31: 7 | G31: 7 | H31: 6 | I31: 7 | J31: 7 | K31: 7 | L31: 4 | M31: 6 | N31: 4 | O31: 7
A32: N2 | B32: 6 | C32: 4 | D32: 3 | E32: 6 | F32: 6 | G32: 10 | H32: 6 | I32: 13 | J32: 5 | K32: 13 | L32: 3 | M32: 5 | N32: 3 | O32: 5
B33: =B26-B30 -> -2 | C33: =C26-C30 -> -1 | D33: =D26-D30 -> 0 | E33: =E26-E30 -> 0 | F33: =F26-F30 -> 0 | G33: =G26-G30 -> 0 | H33: =H26-H30 -> 0 | I33: =I26-I30 -> 0 | ... O33: =O26-O30 -> 0
B34: =B27-B31 -> 1 | C34: =C27-C31 -> -1 | D34: =D27-D31 -> 0 | E34: =E27-E31 -> 0 | F34: =F27-F31 -> -1 | G34: =G27-G31 -> 0 | H34: =H27-H31 -> -1 | I34: =I27-I31 -> 0 | ... O34: =O27-O31 -> -2
B35: =B28-B32 -> 0 | C35: =C28-C32 -> 1 | D35: =D28-D32 -> -1 | E35: =E28-E32 -> -1 | F35: =F28-F32 -> 0 | G35: =G28-G32 -> -1 | H35: =H28-H32 -> 0 | I35: =I28-I32 -> -2 | ... O35: =O28-O32 -> 1
A36: ['1'
A37: ['X'
A38: ['2'
A39: '1']
A40: 'X']
A41: '2']

Sheet AP32
B1: 1 | C1: 2 | D1: 3 | E1: 4 | F1: 5 | G1: 6 | H1: 7 | I1: 8 | J1: 9 | K1: 10 | L1: 11 | M1: 12 | N1: 13 | O1: 14 | P1: Num1 | Q1: NumX | R1: Num2 | T1: ICBase | U1: IC33 | V1: IC32 | W1: IC31 | X1: IC30 | Y1: IC29 | Z1: IC28 | AA1: IC27 | AB1: IC26 | AC1: IC25 | AD1: IC24 | AE1: IC23 | AF1: IC22 | AG1: IC21 | AH1: IC20 | AI1: IC19 | AJ1: IC18 | AK1: IC17 | AL1: IC16 | AM1: IC15 | AN1: IC14 | AO1: IC13 | AP1: IC12 | AQ1: IC11 | AR1: IC10 | AS1: IC9 | AT1: IC8 | AU1: IC7 | AV1: IC6 | AW1: IC5 | AX1: IC4 | AY1: IC3 | BA1: 0 | BB1: =COUNTIFS(U$2:AY$33,BA1) -> 1
A2: 1 | B2: ['1' | C2: '1' | D2: 'X' | E2: '1' | F2: '1' | G2: 'X' | H2: '2' | I2: '2' | J2: '1' | K2: '2' | L2: '1' | M2: '1' | N2: '1' | O2: 'X'] | P2: =COUNTIF(B2:O2,A$35)+COUNTIF(B2:O2,A$45)+COUNTIF(B2:O2,A$48) -> 8 | Q2: =COUNTIF(B2:O2,A$36)+COUNTIF(B2:O2,A$46)+COUNTIF(B2:O2,A$49) -> 3 | R2: =COUNTIF(B2:O2,A$37)+COUNTIF(B2:O2,A$47)+COUNTIF(B2:O2,A$50) -> 3 | S2: =SUM(P2:R2) -> 14 | T2: {=SUMPRODUCT(--(B2:O2=B$34:O$34))} -> 8 | U2: =SUMPRODUCT(--(B2:O2=B$33:O$33)) -> 5 | V2: =SUMPRODUCT(--(B2:O2=B$32:O$32)) -> 5 | W2: =SUMPRODUCT(--(B2:O2=B$31:O$31)) -> 8 | X2: =SUMPRODUCT(--(B2:O2=B$30:O$30)) -> 5 | Y2: =SUMPRODUCT(--(B2:O2=B$29:O$29)) -> 5 | Z2: =SUMPRODUCT(--(B2:O2=B$28:O$28)) -> 5 | AA2: =SUMPRODUCT(--(B2:O2=B$27:O$27)) -> 5 | AB2: =SUMPRODUCT(--(B2:O2=B$26:O$26)) -> 5 | AC2: =SUMPRODUCT(--(B2:O2=B$25:O$25)) -> 5 | AD2: =SUMPRODUCT(--(B2:O2=B$24:O$24)) -> 8 | AE2: =SUMPRODUCT(--(B2:O2=B$23:O$23)) -> 8 | AF2: =SUMPRODUCT(--(B2:O2=B$22:O$22)) -> 3 | AG2: =SUMPRODUCT(--(B2:O2=B$21:O$21)) -> 3 | AH2: =SUMPRODUCT(--(B2:O2=B$20:O$20)) -> 5 | AI2: =SUMPRODUCT(--(B2:O2=B$19:O$19)) -> 5 | AJ2: =SUMPRODUCT(--(B2:O2=B$18:O$18)) -> 5 | AK2: =SUMPRODUCT(--(B2:O2=B$17:O$17)) -> 3 | AL2: =SUMPRODUCT(--(B2:O2=B$16:O$16)) -> 6 | AM2: =SUMPRODUCT(--(B2:O2=B$15:O$15)) -> 5 | AN2: =SUMPRODUCT(--(B2:O2=B$14:O$14)) -> 5 | AO2: =SUMPRODUCT(--(B2:O2=B$13:O$13)) -> 8 | AP2: =SUMPRODUCT(--(B2:O2=B$12:O$12)) -> 6 | AQ2: =SUMPRODUCT(--(B2:O2=B$11:O$11)) -> 8 | AR2: =SUMPRODUCT(--(B2:O2=B$10:O$10)) -> 3 | AS2: =SUMPRODUCT(--(B2:O2=B$9:O$9)) -> 6 | AT2: =SUMPRODUCT(--(B2:O2=B$8:O$8)) -> 3 | AU2: =SUMPRODUCT(--(B2:O2=B$7:O$7)) -> 6 | AV2: =SUMPRODUCT(--(B2:O2=B$6:O$6)) -> 6 | AW2: =SUMPRODUCT(--(B2:O2=B$5:O$5)) -> 6 | AX2: =SUMPRODUCT(--(B2:O2=B$4:O$4)) -> 3 | AY2: =SUMPRODUCT(--(B2:O2=B$3:O$3)) -> 2 | BA2: 1 | BB2: =COUNTIFS(U$2:AY$33,BA2) -> 5
A3: 2 | B3: ['2' | C3: 'X' | D3: '2' | E3: '1' | F3: '2' | G3: '1' | H3: '1' | I3: '1' | J3: '2' | K3: '1' | L3: '2' | M3: '2' | N3: '2' | O3: 'X'] | P3: =COUNTIF(B3:O3,A$35)+COUNTIF(B3:O3,A$45)+COUNTIF(B3:O3,A$48) -> 5 | Q3: =COUNTIF(B3:O3,A$36)+COUNTIF(B3:O3,A$46)+COUNTIF(B3:O3,A$49) -> 2 | R3: =COUNTIF(B3:O3,A$37)+COUNTIF(B3:O3,A$47)+COUNTIF(B3:O3,A$50) -> 7 | S3: =SUM(P3:R3) -> 14 | T3: {=SUMPRODUCT(--(B3:O3=B$34:O$34))} -> 6 | U3: =SUMPRODUCT(--(B3:O3=B$33:O$33)) -> 5 | V3: =SUMPRODUCT(--(B3:O3=B$32:O$32)) -> 3 | W3: =SUMPRODUCT(--(B3:O3=B$31:O$31)) -> 4 | X3: =SUMPRODUCT(--(B3:O3=B$30:O$30)) -> 7 | Y3: =SUMPRODUCT(--(B3:O3=B$29:O$29)) -> 5 | Z3: =SUMPRODUCT(--(B3:O3=B$28:O$28)) -> 6 | AA3: =SUMPRODUCT(--(B3:O3=B$27:O$27)) -> 2 | AB3: =SUMPRODUCT(--(B3:O3=B$26:O$26)) -> 8 | AC3: =SUMPRODUCT(--(B3:O3=B$25:O$25)) -> 4 | AD3: =SUMPRODUCT(--(B3:O3=B$24:O$24)) -> 7 | AE3: =SUMPRODUCT(--(B3:O3=B$23:O$23)) -> 2 | AF3: =SUMPRODUCT(--(B3:O3=B$22:O$22)) -> 7 | AG3: =SUMPRODUCT(--(B3:O3=B$21:O$21)) -> 6 | AH3: =SUMPRODUCT(--(B3:O3=B$20:O$20)) -> 5 | AI3: =SUMPRODUCT(--(B3:O3=B$19:O$19)) -> 5 | AJ3: =SUMPRODUCT(--(B3:O3=B$18:O$18)) -> 6 | AK3: =SUMPRODUCT(--(B3:O3=B$17:O$17)) -> 5 | AL3: =SUMPRODUCT(--(B3:O3=B$16:O$16)) -> 3 | AM3: =SUMPRODUCT(--(B3:O3=B$15:O$15)) -> 3 | AN3: =SUMPRODUCT(--(B3:O3=B$14:O$14)) -> 6 | AO3: =SUMPRODUCT(--(B3:O3=B$13:O$13)) -> 4 | AP3: =SUMPRODUCT(--(B3:O3=B$12:O$12)) -> 6 | AQ3: =SUMPRODUCT(--(B3:O3=B$11:O$11)) -> 5 | AR3: =SUMPRODUCT(--(B3:O3=B$10:O$10)) -> 6 | AS3: =SUMPRODUCT(--(B3:O3=B$9:O$9)) -> 3 | AT3: =SUMPRODUCT(--(B3:O3=B$8:O$8)) -> 6 | AU3: =SUMPRODUCT(--(B3:O3=B$7:O$7)) -> 3 | AV3: =SUMPRODUCT(--(B3:O3=B$6:O$6)) -> 6 | AW3: =SUMPRODUCT(--(B3:O3=B$5:O$5)) -> 2 | AX3: =SUMPRODUCT(--(B3:O3=B$4:O$4)) -> 7 | BA3: 2 | BB3: =COUNTIFS(U$2:AY$33,BA3) -> 28
A4: 3 | B4: ['X' | C4: '1' | D4: '2' | E4: 'X' | F4: '2' | G4: 'X' | H4: '1' | I4: 'X' | J4: '2' | K4: '1' | L4: '2' | M4: '2' | N4: '1' | O4: '1'] | P4: =COUNTIF(B4:O4,A$35)+COUNTIF(B4:O4,A$45)+COUNTIF(B4:O4,A$48) -> 5 | Q4: =COUNTIF(B4:O4,A$36)+COUNTIF(B4:O4,A$46)+COUNTIF(B4:O4,A$49) -> 4 | R4: =COUNTIF(B4:O4,A$37)+COUNTIF(B4:O4,A$47)+COUNTIF(B4:O4,A$50) -> 5 | S4: =SUM(P4:R4) -> 14 | T4: {=SUMPRODUCT(--(B4:O4=B$34:O$34))} -> 7 | U4: =SUMPRODUCT(--(B4:O4=B$33:O$33)) -> 4 | V4: =SUMPRODUCT(--(B4:O4=B$32:O$32)) -> 4 | W4: =SUMPRODUCT(--(B4:O4=B$31:O$31)) -> 5 | X4: =SUMPRODUCT(--(B4:O4=B$30:O$30)) -> 8 | Y4: =SUMPRODUCT(--(B4:O4=B$29:O$29)) -> 4 | Z4: =SUMPRODUCT(--(B4:O4=B$28:O$28)) -> 7 | AA4: =SUMPRODUCT(--(B4:O4=B$27:O$27)) -> 5 | AB4: =SUMPRODUCT(--(B4:O4=B$26:O$26)) -> 4 | AC4: =SUMPRODUCT(--(B4:O4=B$25:O$25)) -> 8 | AD4: =SUMPRODUCT(--(B4:O4=B$24:O$24)) -> 5 | AE4: =SUMPRODUCT(--(B4:O4=B$23:O$23)) -> 4 | AF4: =SUMPRODUCT(--(B4:O4=B$22:O$22)) -> 7 | AG4: =SUMPRODUCT(--(B4:O4=B$21:O$21)) -> 4 | AH4: =SUMPRODUCT(--(B4:O4=B$20:O$20)) -> 6 | AI4: =SUMPRODUCT(--(B4:O4=B$19:O$19)) -> 6 | AJ4: =SUMPRODUCT(--(B4:O4=B$18:O$18)) -> 5 | AK4: =SUMPRODUCT(--(B4:O4=B$17:O$17)) -> 5 | AL4: =SUMPRODUCT(--(B4:O4=B$16:O$16)) -> 1 | AM4: =SUMPRODUCT(--(B4:O4=B$15:O$15)) -> 7 | AN4: =SUMPRODUCT(--(B4:O4=B$14:O$14)) -> 4 | AO4: =SUMPRODUCT(--(B4:O4=B$13:O$13)) -> 7 | AP4: =SUMPRODUCT(--(B4:O4=B$12:O$12)) -> 6 | AQ4: =SUMPRODUCT(--(B4:O4=B$11:O$11)) -> 2 | AR4: =SUMPRODUCT(--(B4:O4=B$10:O$10)) -> 5 | AS4: =SUMPRODUCT(--(B4:O4=B$9:O$9)) -> 7 | AT4: =SUMPRODUCT(--(B4:O4=B$8:O$8)) -> 4 | AU4: =SUMPRODUCT(--(B4:O4=B$7:O$7)) -> 6 | AV4: =SUMPRODUCT(--(B4:O4=B$6:O$6)) -> 4 | AW4: =SUMPRODUCT(--(B4:O4=B$5:O$5)) -> 4 | BA4: 3 | BB4: =COUNTIFS(U$2:AY$33,BA4) -> 62
A5: 4 | B5: ['1' | C5: '2' | D5: 'X' | E5: 'X' | F5: '1' | G5: '1' | H5: 'X' | I5: 'X' | J5: '1' | K5: '1' | L5: '1' | M5: '1' | N5: 'X' | O5: '1'] | P5: =COUNTIF(B5:O5,A$35)+COUNTIF(B5:O5,A$45)+COUNTIF(B5:O5,A$48) -> 8 | Q5: =COUNTIF(B5:O5,A$36)+COUNTIF(B5:O5,A$46)+COUNTIF(B5:O5,A$49) -> 5 | R5: =COUNTIF(B5:O5,A$37)+COUNTIF(B5:O5,A$47)+COUNTIF(B5:O5,A$50) -> 1 | S5: =SUM(P5:R5) -> 14 | T5: {=SUMPRODUCT(--(B5:O5=B$34:O$34))} -> 7 | U5: =SUMPRODUCT(--(B5:O5=B$33:O$33)) -> 7 | V5: =SUMPRODUCT(--(B5:O5=B$32:O$32)) -> 5 | W5: =SUMPRODUCT(--(B5:O5=B$31:O$31)) -> 2 | X5: =SUMPRODUCT(--(B5:O5=B$30:O$30)) -> 4 | Y5: =SUMPRODUCT(--(B5:O5=B$29:O$29)) -> 7 | Z5: =SUMPRODUCT(--(B5:O5=B$28:O$28)) -> 7 | AA5: =SUMPRODUCT(--(B5:O5=B$27:O$27)) -> 9 | AB5: =SUMPRODUCT(--(B5:O5=B$26:O$26)) -> 4 | AC5: =SUMPRODUCT(--(B5:O5=B$25:O$25)) -> 4 | AD5: =SUMPRODUCT(--(B5:O5=B$24:O$24)) -> 4 | AE5: =SUMPRODUCT(--(B5:O5=B$23:O$23)) -> 6 | AF5: =SUMPRODUCT(--(B5:O5=B$22:O$22)) -> 4 | AG5: =SUMPRODUCT(--(B5:O5=B$21:O$21)) -> 7 | AH5: =SUMPRODUCT(--(B5:O5=B$20:O$20)) -> 2 | AI5: =SUMPRODUCT(--(B5:O5=B$19:O$19)) -> 6 | AJ5: =SUMPRODUCT(--(B5:O5=B$18:O$18)) -> 4 | AK5: =SUMPRODUCT(--(B5:O5=B$17:O$17)) -> 6 | AL5: =SUMPRODUCT(--(B5:O5=B$16:O$16)) -> 7 | AM5: =SUMPRODUCT(--(B5:O5=B$15:O$15)) -> 5 | AN5: =SUMPRODUCT(--(B5:O5=B$14:O$14)) -> 6 | AO5: =SUMPRODUCT(--(B5:O5=B$13:O$13)) -> 5 | AP5: =SUMPRODUCT(--(B5:O5=B$12:O$12)) -> 7 | AQ5: =SUMPRODUCT(--(B5:O5=B$11:O$11)) -> 8 | AR5: =SUMPRODUCT(--(B5:O5=B$10:O$10)) -> 3 | AS5: =SUMPRODUCT(--(B5:O5=B$9:O$9)) -> 2 | AT5: =SUMPRODUCT(--(B5:O5=B$8:O$8)) -> 4 | AU5: =SUMPRODUCT(--(B5:O5=B$7:O$7)) -> 5 | AV5: =SUMPRODUCT(--(B5:O5=B$6:O$6)) -> 3 | BA5: 4 | BB5: =COUNTIFS(U$2:AY$33,BA5) -> 90
A6: 5 | B6: ['1' | C6: 'X' | D6: '1' | E6: '1' | F6: 'X' | G6: '1' | H6: '1' | I6: '2' | J6: '1' | K6: '2' | L6: '2' | M6: '2' | N6: '1' | O6: '2'] | P6: =COUNTIF(B6:O6,A$35)+COUNTIF(B6:O6,A$45)+COUNTIF(B6:O6,A$48) -> 7 | Q6: =COUNTIF(B6:O6,A$36)+COUNTIF(B6:O6,A$46)+COUNTIF(B6:O6,A$49) -> 2 | R6: =COUNTIF(B6:O6,A$37)+COUNTIF(B6:O6,A$47)+COUNTIF(B6:O6,A$50) -> 5 | S6: =SUM(P6:R6) -> 14 | T6: {=SUMPRODUCT(--(B6:O6=B$34:O$34))} -> 8 | U6: =SUMPRODUCT(--(B6:O6=B$33:O$33)) -> 7 | V6: =SUMPRODUCT(--(B6:O6=B$32:O$32)) -> 4 | W6: =SUMPRODUCT(--(B6:O6=B$31:O$31)) -> 7 | X6: =SUMPRODUCT(--(B6:O6=B$30:O$30)) -> 5 | Y6: =SUMPRODUCT(--(B6:O6=B$29:O$29)) -> 7 | Z6: =SUMPRODUCT(--(B6:O6=B$28:O$28)) -> 7 | AA6: =SUMPRODUCT(--(B6:O6=B$27:O$27)) -> 3 | AB6: =SUMPRODUCT(--(B6:O6=B$26:O$26)) -> 8 | AC6: =SUMPRODUCT(--(B6:O6=B$25:O$25)) -> 5 | AD6: =SUMPRODUCT(--(B6:O6=B$24:O$24)) -> 8 | AE6: =SUMPRODUCT(--(B6:O6=B$23:O$23)) -> 4 | AF6: =SUMPRODUCT(--(B6:O6=B$22:O$22)) -> 4 | AG6: =SUMPRODUCT(--(B6:O6=B$21:O$21)) -> 6 | AH6: =SUMPRODUCT(--(B6:O6=B$20:O$20)) -> 4 | AI6: =SUMPRODUCT(--(B6:O6=B$19:O$19)) -> 7 | AJ6: =SUMPRODUCT(--(B6:O6=B$18:O$18)) -> 8 | AK6: =SUMPRODUCT(--(B6:O6=B$17:O$17)) -> 6 | AL6: =SUMPRODUCT(--(B6:O6=B$16:O$16)) -> 5 | AM6: =SUMPRODUCT(--(B6:O6=B$15:O$15)) -> 4 | AN6: =SUMPRODUCT(--(B6:O6=B$14:O$14)) -> 6 | AO6: =SUMPRODUCT(--(B6:O6=B$13:O$13)) -> 6 | AP6: =SUMPRODUCT(--(B6:O6=B$12:O$12)) -> 4 | AQ6: =SUMPRODUCT(--(B6:O6=B$11:O$11)) -> 5 | AR6: =SUMPRODUCT(--(B6:O6=B$10:O$10)) -> 6 | AS6: =SUMPRODUCT(--(B6:O6=B$9:O$9)) -> 3 | AT6: =SUMPRODUCT(--(B6:O6=B$8:O$8)) -> 5 | AU6: =SUMPRODUCT(--(B6:O6=B$7:O$7)) -> 1 | BA6: 5 | BB6: =COUNTIFS(U$2:AY$33,BA6) -> 121
A7: 6 | B7: ['X' | C7: '1' | D7: '2' | E7: '2' | F7: '1' | G7: 'X' | H7: 'X' | I7: '2' | J7: '2' | K7: 'X' | L7: '1' | M7: '1' | N7: '2' | O7: '1'] | P7: =COUNTIF(B7:O7,A$35)+COUNTIF(B7:O7,A$45)+COUNTIF(B7:O7,A$48) -> 5 | Q7: =COUNTIF(B7:O7,A$36)+COUNTIF(B7:O7,A$46)+COUNTIF(B7:O7,A$49) -> 4 | R7: =COUNTIF(B7:O7,A$37)+COUNTIF(B7:O7,A$47)+COUNTIF(B7:O7,A$50) -> 5 | S7: =SUM(P7:R7) -> 14 | T7: {=SUMPRODUCT(--(B7:O7=B$34:O$34))} -> 6 | U7: =SUMPRODUCT(--(B7:O7=B$33:O$33)) -> 3 | V7: =SUMPRODUCT(--(B7:O7=B$32:O$32)) -> 6 | W7: =SUMPRODUCT(--(B7:O7=B$31:O$31)) -> 6 | X7: =SUMPRODUCT(--(B7:O7=B$30:O$30)) -> 3 | Y7: =SUMPRODUCT(--(B7:O7=B$29:O$29)) -> 6 | Z7: =SUMPRODUCT(--(B7:O7=B$28:O$28)) -> 3 | AA7: =SUMPRODUCT(--(B7:O7=B$27:O$27)) -> 6 | AB7: =SUMPRODUCT(--(B7:O7=B$26:O$26)) -> 6 | AC7: =SUMPRODUCT(--(B7:O7=B$25:O$25)) -> 8 | AD7: =SUMPRODUCT(--(B7:O7=B$24:O$24)) -> 2 | AE7: =SUMPRODUCT(--(B7:O7=B$23:O$23)) -> 5 | AF7: =SUMPRODUCT(--(B7:O7=B$22:O$22)) -> 5 | AG7: =SUMPRODUCT(--(B7:O7=B$21:O$21)) -> 3 | AH7: =SUMPRODUCT(--(B7:O7=B$20:O$20)) -> 6 | AI7: =SUMPRODUCT(--(B7:O7=B$19:O$19)) -> 3 | AJ7: =SUMPRODUCT(--(B7:O7=B$18:O$18)) -> 5 | AK7: =SUMPRODUCT(--(B7:O7=B$17:O$17)) -> 6 | AL7: =SUMPRODUCT(--(B7:O7=B$16:O$16)) -> 4 | AM7: =SUMPRODUCT(--(B7:O7=B$15:O$15)) -> 6 | AN7: =SUMPRODUCT(--(B7:O7=B$14:O$14)) -> 6 | AO7: =SUMPRODUCT(--(B7:O7=B$13:O$13)) -> 8 | AP7: =SUMPRODUCT(--(B7:O7=B$12:O$12)) -> 5 | AQ7: =SUMPRODUCT(--(B7:O7=B$11:O$11)) -> 2 | AR7: =SUMPRODUCT(--(B7:O7=B$10:O$10)) -> 2 | AS7: =SUMPRODUCT(--(B7:O7=B$9:O$9)) -> 7 | AT7: =SUMPRODUCT(--(B7:O7=B$8:O$8)) -> 6 | BA7: 6 | BB7: =COUNTIFS(U$2:AY$33,BA7) -> 88
A8: 7 | B8: ['1' | C8: 'X' | D8: '2' | E8: '2' | F8: '1' | G8: '2' | H8: '1' | I8: '1' | J8: '1' | K8: 'X' | L8: 'X' | M8: '2' | N8: '2' | O8: '1'] | P8: =COUNTIF(B8:O8,A$35)+COUNTIF(B8:O8,A$45)+COUNTIF(B8:O8,A$48) -> 6 | Q8: =COUNTIF(B8:O8,A$36)+COUNTIF(B8:O8,A$46)+COUNTIF(B8:O8,A$49) -> 3 | R8: =COUNTIF(B8:O8,A$37)+COUNTIF(B8:O8,A$47)+COUNTIF(B8:O8,A$50) -> 5 | S8: =SUM(P8:R8) -> 14 | T8: {=SUMPRODUCT(--(B8:O8=B$34:O$34))} -> 7 | U8: =SUMPRODUCT(--(B8:O8=B$33:O$33)) -> 5 | V8: =SUMPRODUCT(--(B8:O8=B$32:O$32)) -> 5 | W8: =SUMPRODUCT(--(B8:O8=B$31:O$31)) -> 4 | X8: =SUMPRODUCT(--(B8:O8=B$30:O$30)) -> 5 | Y8: =SUMPRODUCT(--(B8:O8=B$29:O$29)) -> 4 | Z8: =SUMPRODUCT(--(B8:O8=B$28:O$28)) -> 7 | AA8: =SUMPRODUCT(--(B8:O8=B$27:O$27)) -> 7 | AB8: =SUMPRODUCT(--(B8:O8=B$26:O$26)) -> 5 | AC8: =SUMPRODUCT(--(B8:O8=B$25:O$25)) -> 7 | AD8: =SUMPRODUCT(--(B8:O8=B$24:O$24)) -> 2 | AE8: =SUMPRODUCT(--(B8:O8=B$23:O$23)) -> 7 | AF8: =SUMPRODUCT(--(B8:O8=B$22:O$22)) -> 5 | AG8: =SUMPRODUCT(--(B8:O8=B$21:O$21)) -> 7 | AH8: =SUMPRODUCT(--(B8:O8=B$20:O$20)) -> 4 | AI8: =SUMPRODUCT(--(B8:O8=B$19:O$19)) -> 7 | AJ8: =SUMPRODUCT(--(B8:O8=B$18:O$18)) -> 3 | AK8: =SUMPRODUCT(--(B8:O8=B$17:O$17)) -> 7 | AL8: =SUMPRODUCT(--(B8:O8=B$16:O$16)) -> 6 | AM8: =SUMPRODUCT(--(B8:O8=B$15:O$15)) -> 3 | AN8: =SUMPRODUCT(--(B8:O8=B$14:O$14)) -> 8 | AO8: =SUMPRODUCT(--(B8:O8=B$13:O$13)) -> 5 | AP8: =SUMPRODUCT(--(B8:O8=B$12:O$12)) -> 3 | AQ8: =SUMPRODUCT(--(B8:O8=B$11:O$11)) -> 3 | AR8: =SUMPRODUCT(--(B8:O8=B$10:O$10)) -> 4 | AS8: =SUMPRODUCT(--(B8:O8=B$9:O$9)) -> 2 | BA8: 7 | BB8: =COUNTIFS(U$2:AY$33,BA8) -> 63
A9: 8 | B9: ['X' | C9: '1' | D9: '2' | E9: '2' | F9: '2' | G9: 'X' | H9: '2' | I9: '2' | J9: 'X' | K9: '1' | L9: '1' | M9: 'X' | N9: '1' | O9: '2'] | P9: =COUNTIF(B9:O9,A$35)+COUNTIF(B9:O9,A$45)+COUNTIF(B9:O9,A$48) -> 4 | Q9: =COUNTIF(B9:O9,A$36)+COUNTIF(B9:O9,A$46)+COUNTIF(B9:O9,A$49) -> 4 | R9: =COUNTIF(B9:O9,A$37)+COUNTIF(B9:O9,A$47)+COUNTIF(B9:O9,A$50) -> 6 | S9: =SUM(P9:R9) -> 14 | T9: {=SUMPRODUCT(--(B9:O9=B$34:O$34))} -> 6 | U9: =SUMPRODUCT(--(B9:O9=B$33:O$33)) -> 4 | V9: =SUMPRODUCT(--(B9:O9=B$32:O$32)) -> 5 | W9: =SUMPRODUCT(--(B9:O9=B$31:O$31)) -> 9 | X9: =SUMPRODUCT(--(B9:O9=B$30:O$30)) -> 5 | Y9: =SUMPRODUCT(--(B9:O9=B$29:O$29)) -> 4 | Z9: =SUMPRODUCT(--(B9:O9=B$28:O$28)) -> 2 | AA9: =SUMPRODUCT(--(B9:O9=B$27:O$27)) -> 2 | AB9: =SUMPRODUCT(--(B9:O9=B$26:O$26)) -> 5 | AC9: =SUMPRODUCT(--(B9:O9=B$25:O$25)) -> 7 | AD9: =SUMPRODUCT(--(B9:O9=B$24:O$24)) -> 5 | AE9: =SUMPRODUCT(--(B9:O9=B$23:O$23)) -> 5 | AF9: =SUMPRODUCT(--(B9:O9=B$22:O$22)) -> 5 | AG9: =SUMPRODUCT(--(B9:O9=B$21:O$21)) -> 5 | AH9: =SUMPRODUCT(--(B9:O9=B$20:O$20)) -> 6 | AI9: =SUMPRODUCT(--(B9:O9=B$19:O$19)) -> 3 | AJ9: =SUMPRODUCT(--(B9:O9=B$18:O$18)) -> 7 | AK9: =SUMPRODUCT(--(B9:O9=B$17:O$17)) -> 4 | AL9: =SUMPRODUCT(--(B9:O9=B$16:O$16)) -> 4 | AM9: =SUMPRODUCT(--(B9:O9=B$15:O$15)) -> 8 | AN9: =SUMPRODUCT(--(B9:O9=B$14:O$14)) -> 3 | AO9: =SUMPRODUCT(--(B9:O9=B$13:O$13)) -> 4 | AP9: =SUMPRODUCT(--(B9:O9=B$12:O$12)) -> 7 | AQ9: =SUMPRODUCT(--(B9:O9=B$11:O$11)) -> 2 | AR9: =SUMPRODUCT(--(B9:O9=B$10:O$10)) -> 5 | BA9: 8 | BB9: =COUNTIFS(U$2:AY$33,BA9) -> 32
A10: 9 | B10: ['2' | C10: '1' | D10: '1' | E10: '1' | F10: 'X' | G10: '1' | H10: '1' | I10: '1' | J10: 'X' | K10: '1' | L10: 'X' | M10: 'X' | N10: '1' | O10: '1'] | P10: =COUNTIF(B10:O10,A$35)+COUNTIF(B10:O10,A$45)+COUNTIF(B10:O10,A$48) -> 9 | Q10: =COUNTIF(B10:O10,A$36)+COUNTIF(B10:O10,A$46)+COUNTIF(B10:O10,A$49) -> 4 | R10: =COUNTIF(B10:O10,A$37)+COUNTIF(B10:O10,A$47)+COUNTIF(B10:O10,A$50) -> 1 | S10: =SUM(P10:R10) -> 14 | T10: {=SUMPRODUCT(--(B10:O10=B$34:O$34))} -> 7 | U10: =SUMPRODUCT(--(B10:O10=B$33:O$33)) -> 5 | V10: =SUMPRODUCT(--(B10:O10=B$32:O$32)) -> 6 | W10: =SUMPRODUCT(--(B10:O10=B$31:O$31)) -> 3 | X10: =SUMPRODUCT(--(B10:O10=B$30:O$30)) -> 8 | Y10: =SUMPRODUCT(--(B10:O10=B$29:O$29)) -> 7 | Z10: =SUMPRODUCT(--(B10:O10=B$28:O$28)) -> 3 | AA10: =SUMPRODUCT(--(B10:O10=B$27:O$27)) -> 5 | AB10: =SUMPRODUCT(--(B10:O10=B$26:O$26)) -> 2 | AC10: =SUMPRODUCT(--(B10:O10=B$25:O$25)) -> 4 | AD10: =SUMPRODUCT(--(B10:O10=B$24:O$24)) -> 7 | AE10: =SUMPRODUCT(--(B10:O10=B$23:O$23)) -> 4 | AF10: =SUMPRODUCT(--(B10:O10=B$22:O$22)) -> 8 | AG10: =SUMPRODUCT(--(B10:O10=B$21:O$21)) -> 7 | AH10: =SUMPRODUCT(--(B10:O10=B$20:O$20)) -> 7 | AI10: =SUMPRODUCT(--(B10:O10=B$19:O$19)) -> 2 | AJ10: =SUMPRODUCT(--(B10:O10=B$18:O$18)) -> 7 | AK10: =SUMPRODUCT(--(B10:O10=B$17:O$17)) -> 5 | AL10: =SUMPRODUCT(--(B10:O10=B$16:O$16)) -> 4 | AM10: =SUMPRODUCT(--(B10:O10=B$15:O$15)) -> 6 | AN10: =SUMPRODUCT(--(B10:O10=B$14:O$14)) -> 5 | AO10: =SUMPRODUCT(--(B10:O10=B$13:O$13)) -> 4 | AP10: =SUMPRODUCT(--(B10:O10=B$12:O$12)) -> 5 | AQ10: =SUMPRODUCT(--(B10:O10=B$11:O$11)) -> 3 | BA10: 9 | BB10: =COUNTIFS(U$2:AY$33,BA10) -> 5
A11: 10 | B11: ['2' | C11: '2' | D11: 'X' | E11: '1' | F11: '1' | G11: '1' | H11: '2' | I11: 'X' | J11: '1' | K11: '2' | L11: '1' | M11: '2' | N11: 'X' | O11: 'X'] | P11: =COUNTIF(B11:O11,A$35)+COUNTIF(B11:O11,A$45)+COUNTIF(B11:O11,A$48) -> 5 | Q11: =COUNTIF(B11:O11,A$36)+COUNTIF(B11:O11,A$46)+COUNTIF(B11:O11,A$49) -> 4 | R11: =COUNTIF(B11:O11,A$37)+COUNTIF(B11:O11,A$47)+COUNTIF(B11:O11,A$50) -> 5 | S11: =SUM(P11:R11) -> 14 | T11: {=SUMPRODUCT(--(B11:O11=B$34:O$34))} -> 6 | U11: =SUMPRODUCT(--(B11:O11=B$33:O$33)) -> 8 | V11: =SUMPRODUCT(--(B11:O11=B$32:O$32)) -> 4 | W11: =SUMPRODUCT(--(B11:O11=B$31:O$31)) -> 6 | X11: =SUMPRODUCT(--(B11:O11=B$30:O$30)) -> 2 | Y11: =SUMPRODUCT(--(B11:O11=B$29:O$29)) -> 5 | Z11: =SUMPRODUCT(--(B11:O11=B$28:O$28)) -> 7 | AA11: =SUMPRODUCT(--(B11:O11=B$27:O$27)) -> 3 | AB11: =SUMPRODUCT(--(B11:O11=B$26:O$26)) -> 5 | AC11: =SUMPRODUCT(--(B11:O11=B$25:O$25)) -> 3 | AD11: =SUMPRODUCT(--(B11:O11=B$24:O$24)) -> 8 | AE11: =SUMPRODUCT(--(B11:O11=B$23:O$23)) -> 6 | AF11: =SUMPRODUCT(--(B11:O11=B$22:O$22)) -> 5 | AG11: =SUMPRODUCT(--(B11:O11=B$21:O$21)) -> 4 | AH11: =SUMPRODUCT(--(B11:O11=B$20:O$20)) -> 3 | AI11: =SUMPRODUCT(--(B11:O11=B$19:O$19)) -> 6 | AJ11: =SUMPRODUCT(--(B11:O11=B$18:O$18)) -> 4 | AK11: =SUMPRODUCT(--(B11:O11=B$17:O$17)) -> 6 | AL11: =SUMPRODUCT(--(B11:O11=B$16:O$16)) -> 5 | AM11: =SUMPRODUCT(--(B11:O11=B$15:O$15)) -> 3 | AN11: =SUMPRODUCT(--(B11:O11=B$14:O$14)) -> 4 | AO11: =SUMPRODUCT(--(B11:O11=B$13:O$13)) -> 4 | AP11: =SUMPRODUCT(--(B11:O11=B$12:O$12)) -> 4 | BA11: 10 | BB11: =COUNTIFS(U$2:AY$33,BA11) -> 1
A12: 11 | B12: ['1' | C12: '1' | D12: '2' | E12: 'X' | F12: '2' | G12: '1' | H12: '1' | I12: '2' | J12: 'X' | K12: '1' | L12: '1' | M12: '1' | N12: 'X' | O12: 'X'] | P12: =COUNTIF(B12:O12,A$35)+COUNTIF(B12:O12,A$45)+COUNTIF(B12:O12,A$48) -> 7 | Q12: =COUNTIF(B12:O12,A$36)+COUNTIF(B12:O12,A$46)+COUNTIF(B12:O12,A$49) -> 4 | R12: =COUNTIF(B12:O12,A$37)+COUNTIF(B12:O12,A$47)+COUNTIF(B12:O12,A$50) -> 3 | S12: =SUM(P12:R12) -> 14 | T12: {=SUMPRODUCT(--(B12:O12=B$34:O$34))} -> 8 | U12: =SUMPRODUCT(--(B12:O12=B$33:O$33)) -> 5 | V12: =SUMPRODUCT(--(B12:O12=B$32:O$32)) -> 5 | W12: =SUMPRODUCT(--(B12:O12=B$31:O$31)) -> 4 | X12: =SUMPRODUCT(--(B12:O12=B$30:O$30)) -> 5 | Y12: =SUMPRODUCT(--(B12:O12=B$29:O$29)) -> 6 | Z12: =SUMPRODUCT(--(B12:O12=B$28:O$28)) -> 6 | AA12: =SUMPRODUCT(--(B12:O12=B$27:O$27)) -> 5 | AB12: =SUMPRODUCT(--(B12:O12=B$26:O$26)) -> 6 | AC12: =SUMPRODUCT(--(B12:O12=B$25:O$25)) -> 6 | AD12: =SUMPRODUCT(--(B12:O12=B$24:O$24)) -> 5 | AE12: =SUMPRODUCT(--(B12:O12=B$23:O$23)) -> 5 | AF12: =SUMPRODUCT(--(B12:O12=B$22:O$22)) -> 5 | AG12: =SUMPRODUCT(--(B12:O12=B$21:O$21)) -> 7 | AH12: =SUMPRODUCT(--(B12:O12=B$20:O$20)) -> 4 | AI12: =SUMPRODUCT(--(B12:O12=B$19:O$19)) -> 5 | AJ12: =SUMPRODUCT(--(B12:O12=B$18:O$18)) -> 5 | AK12: =SUMPRODUCT(--(B12:O12=B$17:O$17)) -> 3 | AL12: =SUMPRODUCT(--(B12:O12=B$16:O$16)) -> 3 | AM12: =SUMPRODUCT(--(B12:O12=B$15:O$15)) -> 5 | AN12: =SUMPRODUCT(--(B12:O12=B$14:O$14)) -> 7 | AO12: =SUMPRODUCT(--(B12:O12=B$13:O$13)) -> 3 | BA12: 11 | BB12: =COUNTIFS(U$2:AY$33,BA12) -> 0
A13: 12 | B13: ['1' | C13: '1' | D13: 'X' | E13: '1' | F13: '1' | G13: 'X' | H13: 'X' | I13: '2' | J13: '2' | K13: 'X' | L13: '2' | M13: '2' | N13: '1' | O13: '1'] | P13: =COUNTIF(B13:O13,A$35)+COUNTIF(B13:O13,A$45)+COUNTIF(B13:O13,A$48) -> 6 | Q13: =COUNTIF(B13:O13,A$36)+COUNTIF(B13:O13,A$46)+COUNTIF(B13:O13,A$49) -> 4 | R13: =COUNTIF(B13:O13,A$37)+COUNTIF(B13:O13,A$47)+COUNTIF(B13:O13,A$50) -> 4 | S13: =SUM(P13:R13) -> 14 | T13: {=SUMPRODUCT(--(B13:O13=B$34:O$34))} -> 8 | U13: =SUMPRODUCT(--(B13:O13=B$33:O$33)) -> 5 | V13: =SUMPRODUCT(--(B13:O13=B$32:O$32)) -> 5 | W13: =SUMPRODUCT(--(B13:O13=B$31:O$31)) -> 6 | X13: =SUMPRODUCT(--(B13:O13=B$30:O$30)) -> 8 | Y13: =SUMPRODUCT(--(B13:O13=B$29:O$29)) -> 3 | Z13: =SUMPRODUCT(--(B13:O13=B$28:O$28)) -> 6 | AA13: =SUMPRODUCT(--(B13:O13=B$27:O$27)) -> 5 | AB13: =SUMPRODUCT(--(B13:O13=B$26:O$26)) -> 6 | AC13: =SUMPRODUCT(--(B13:O13=B$25:O$25)) -> 7 | AD13: =SUMPRODUCT(--(B13:O13=B$24:O$24)) -> 7 | AE13: =SUMPRODUCT(--(B13:O13=B$23:O$23)) -> 6 | AF13: =SUMPRODUCT(--(B13:O13=B$22:O$22)) -> 5 | AG13: =SUMPRODUCT(--(B13:O13=B$21:O$21)) -> 2 | AH13: =SUMPRODUCT(--(B13:O13=B$20:O$20)) -> 7 | AI13: =SUMPRODUCT(--(B13:O13=B$19:O$19)) -> 5 | AJ13: =SUMPRODUCT(--(B13:O13=B$18:O$18)) -> 5 | AK13: =SUMPRODUCT(--(B13:O13=B$17:O$17)) -> 5 | AL13: =SUMPRODUCT(--(B13:O13=B$16:O$16)) -> 6 | AM13: =SUMPRODUCT(--(B13:O13=B$15:O$15)) -> 6 | AN13: =SUMPRODUCT(--(B13:O13=B$14:O$14)) -> 5 | BA13: 12 | BB13: =COUNTIFS(U$2:AY$33,BA13) -> 0
A14: 13 | B14: ['1' | C14: '2' | D14: '2' | E14: '1' | F14: '2' | G14: '1' | H14: '1' | I14: '2' | J14: '1' | K14: 'X' | L14: 'X' | M14: '1' | N14: '2' | O14: '1'] | P14: =COUNTIF(B14:O14,A$35)+COUNTIF(B14:O14,A$45)+COUNTIF(B14:O14,A$48) -> 7 | Q14: =COUNTIF(B14:O14,A$36)+COUNTIF(B14:O14,A$46)+COUNTIF(B14:O14,A$49) -> 2 | R14: =COUNTIF(B14:O14,A$37)+COUNTIF(B14:O14,A$47)+COUNTIF(B14:O14,A$50) -> 5 | S14: =SUM(P14:R14) -> 14 | T14: {=SUMPRODUCT(--(B14:O14=B$34:O$34))} -> 8 | U14: =SUMPRODUCT(--(B14:O14=B$33:O$33)) -> 7 | V14: =SUMPRODUCT(--(B14:O14=B$32:O$32)) -> 5 | W14: =SUMPRODUCT(--(B14:O14=B$31:O$31)) -> 3 | X14: =SUMPRODUCT(--(B14:O14=B$30:O$30)) -> 5 | Y14: =SUMPRODUCT(--(B14:O14=B$29:O$29)) -> 9 | Z14: =SUMPRODUCT(--(B14:O14=B$28:O$28)) -> 7 | AA14: =SUMPRODUCT(--(B14:O14=B$27:O$27)) -> 6 | AB14: =SUMPRODUCT(--(B14:O14=B$26:O$26)) -> 7 | AC14: =SUMPRODUCT(--(B14:O14=B$25:O$25)) -> 5 | AD14: =SUMPRODUCT(--(B14:O14=B$24:O$24)) -> 4 | AE14: =SUMPRODUCT(--(B14:O14=B$23:O$23)) -> 4 | AF14: =SUMPRODUCT(--(B14:O14=B$22:O$22)) -> 5 | AG14: =SUMPRODUCT(--(B14:O14=B$21:O$21)) -> 6 | AH14: =SUMPRODUCT(--(B14:O14=B$20:O$20)) -> 6 | AI14: =SUMPRODUCT(--(B14:O14=B$19:O$19)) -> 5 | AJ14: =SUMPRODUCT(--(B14:O14=B$18:O$18)) -> 4 | AK14: =SUMPRODUCT(--(B14:O14=B$17:O$17)) -> 5 | AL14: =SUMPRODUCT(--(B14:O14=B$16:O$16)) -> 7 | AM14: =SUMPRODUCT(--(B14:O14=B$15:O$15)) -> 0 | BA14: 13 | BB14: =COUNTIFS(U$2:AY$33,BA14) -> 0
A15: 14 | B15: ['X' | C15: '1' | D15: '1' | E15: 'X' | F15: '1' | G15: 'X' | H15: 'X' | I15: '1' | J15: 'X' | K15: '1' | L15: '1' | M15: '2' | N15: '1' | O15: '2'] | P15: =COUNTIF(B15:O15,A$35)+COUNTIF(B15:O15,A$45)+COUNTIF(B15:O15,A$48) -> 7 | Q15: =COUNTIF(B15:O15,A$36)+COUNTIF(B15:O15,A$46)+COUNTIF(B15:O15,A$49) -> 5 | R15: =COUNTIF(B15:O15,A$37)+COUNTIF(B15:O15,A$47)+COUNTIF(B15:O15,A$50) -> 2 | S15: =SUM(P15:R15) -> 14 | T15: {=SUMPRODUCT(--(B15:O15=B$34:O$34))} -> 6 | U15: =SUMPRODUCT(--(B15:O15=B$33:O$33)) -> 5 | V15: =SUMPRODUCT(--(B15:O15=B$32:O$32)) -> 4 | W15: =SUMPRODUCT(--(B15:O15=B$31:O$31)) -> 8 | X15: =SUMPRODUCT(--(B15:O15=B$30:O$30)) -> 4 | Y15: =SUMPRODUCT(--(B15:O15=B$29:O$29)) -> 4 | Z15: =SUMPRODUCT(--(B15:O15=B$28:O$28)) -> 4 | AA15: =SUMPRODUCT(--(B15:O15=B$27:O$27)) -> 6 | AB15: =SUMPRODUCT(--(B15:O15=B$26:O$26)) -> 4 | AC15: =SUMPRODUCT(--(B15:O15=B$25:O$25)) -> 8 | AD15: =SUMPRODUCT(--(B15:O15=B$24:O$24)) -> 4 | AE15: =SUMPRODUCT(--(B15:O15=B$23:O$23)) -> 4 | AF15: =SUMPRODUCT(--(B15:O15=B$22:O$22)) -> 5 | AG15: =SUMPRODUCT(--(B15:O15=B$21:O$21)) -> 4 | AH15: =SUMPRODUCT(--(B15:O15=B$20:O$20)) -> 3 | AI15: =SUMPRODUCT(--(B15:O15=B$19:O$19)) -> 6 | AJ15: =SUMPRODUCT(--(B15:O15=B$18:O$18)) -> 7 | AK15: =SUMPRODUCT(--(B15:O15=B$17:O$17)) -> 4 | AL15: =SUMPRODUCT(--(B15:O15=B$16:O$16)) -> 4 | BA15: 14 | BB15: =COUNTIFS(U$2:AY$33,BA15) -> 0
A16: 15 | B16: ['1' | C16: '2' | D16: 'X' | E16: '1' | F16: '1' | G16: '2' | H16: 'X' | I16: '2' | J16: '1' | K16: '1' | L16: 'X' | M16: 'X' | N16: '2' | O16: '2'] | P16: =COUNTIF(B16:O16,A$35)+COUNTIF(B16:O16,A$45)+COUNTIF(B16:O16,A$48) -> 5 | Q16: =COUNTIF(B16:O16,A$36)+COUNTIF(B16:O16,A$46)+COUNTIF(B16:O16,A$49) -> 4 | R16: =COUNTIF(B16:O16,A$37)+COUNTIF(B16:O16,A$47)+COUNTIF(B16:O16,A$50) -> 5 | S16: =SUM(P16:R16) -> 14 | T16: {=SUMPRODUCT(--(B16:O16=B$34:O$34))} -> 6 | U16: =SUMPRODUCT(--(B16:O16=B$33:O$33)) -> 9 | V16: =SUMPRODUCT(--(B16:O16=B$32:O$32)) -> 6 | W16: =SUMPRODUCT(--(B16:O16=B$31:O$31)) -> 4 | X16: =SUMPRODUCT(--(B16:O16=B$30:O$30)) -> 6 | Y16: =SUMPRODUCT(--(B16:O16=B$29:O$29)) -> 6 | Z16: =SUMPRODUCT(--(B16:O16=B$28:O$28)) -> 4 | AA16: =SUMPRODUCT(--(B16:O16=B$27:O$27)) -> 8 | AB16: =SUMPRODUCT(--(B16:O16=B$26:O$26)) -> 6 | AC16: =SUMPRODUCT(--(B16:O16=B$25:O$25)) -> 2 | AD16: =SUMPRODUCT(--(B16:O16=B$24:O$24)) -> 5 | AE16: =SUMPRODUCT(--(B16:O16=B$23:O$23)) -> 6 | AF16: =SUMPRODUCT(--(B16:O16=B$22:O$22)) -> 3 | AG16: =SUMPRODUCT(--(B16:O16=B$21:O$21)) -> 4 | AH16: =SUMPRODUCT(--(B16:O16=B$20:O$20)) -> 6 | AI16: =SUMPRODUCT(--(B16:O16=B$19:O$19)) -> 5 | AJ16: =SUMPRODUCT(--(B16:O16=B$18:O$18)) -> 6 | AK16: =SUMPRODUCT(--(B16:O16=B$17:O$17)) -> 2
A17: 16 | B17: ['2' | C17: 'X' | D17: '2' | E17: '2' | F17: 'X' | G17: '1' | H17: 'X' | I17: 'X' | J17: '1' | K17: 'X' | L17: '1' | M17: '2' | N17: '1' | O17: '1'] | P17: =COUNTIF(B17:O17,A$35)+COUNTIF(B17:O17,A$45)+COUNTIF(B17:O17,A$48) -> 5 | Q17: =COUNTIF(B17:O17,A$36)+COUNTIF(B17:O17,A$46)+COUNTIF(B17:O17,A$49) -> 5 | R17: =COUNTIF(B17:O17,A$37)+COUNTIF(B17:O17,A$47)+COUNTIF(B17:O17,A$50) -> 4 | S17: =SUM(P17:R17) -> 14 | T17: {=SUMPRODUCT(--(B17:O17=B$34:O$34))} -> 7 | U17: =SUMPRODUCT(--(B17:O17=B$33:O$33)) -> 3 | V17: =SUMPRODUCT(--(B17:O17=B$32:O$32)) -> 6 | W17: =SUMPRODUCT(--(B17:O17=B$31:O$31)) -> 5 | X17: =SUMPRODUCT(--(B17:O17=B$30:O$30)) -> 2 | Y17: =SUMPRODUCT(--(B17:O17=B$29:O$29)) -> 5 | Z17: =SUMPRODUCT(--(B17:O17=B$28:O$28)) -> 7 | AA17: =SUMPRODUCT(--(B17:O17=B$27:O$27)) -> 4 | AB17: =SUMPRODUCT(--(B17:O17=B$26:O$26)) -> 6 | AC17: =SUMPRODUCT(--(B17:O17=B$25:O$25)) -> 7 | AD17: =SUMPRODUCT(--(B17:O17=B$24:O$24)) -> 6 | AE17: =SUMPRODUCT(--(B17:O17=B$23:O$23)) -> 6 | AF17: =SUMPRODUCT(--(B17:O17=B$22:O$22)) -> 5 | AG17: =SUMPRODUCT(--(B17:O17=B$21:O$21)) -> 6 | AH17: =SUMPRODUCT(--(B17:O17=B$20:O$20)) -> 5 | AI17: =SUMPRODUCT(--(B17:O17=B$19:O$19)) -> 3 | AJ17: =SUMPRODUCT(--(B17:O17=B$18:O$18)) -> 4
A18: 17 | B18: ['X' | C18: 'X' | D18: '1' | E18: '1' | F18: '1' | G18: '1' | H18: '1' | I18: '2' | J18: '2' | K18: '1' | L18: '1' | M18: 'X' | N18: '1' | O18: '2'] | P18: =COUNTIF(B18:O18,A$35)+COUNTIF(B18:O18,A$45)+COUNTIF(B18:O18,A$48) -> 8 | Q18: =COUNTIF(B18:O18,A$36)+COUNTIF(B18:O18,A$46)+COUNTIF(B18:O18,A$49) -> 3 | R18: =COUNTIF(B18:O18,A$37)+COUNTIF(B18:O18,A$47)+COUNTIF(B18:O18,A$50) -> 3 | S18: =SUM(P18:R18) -> 14 | T18: {=SUMPRODUCT(--(B18:O18=B$34:O$34))} -> 8 | U18: =SUMPRODUCT(--(B18:O18=B$33:O$33)) -> 8 | V18: =SUMPRODUCT(--(B18:O18=B$32:O$32)) -> 3 | W18: =SUMPRODUCT(--(B18:O18=B$31:O$31)) -> 8 | X18: =SUMPRODUCT(--(B18:O18=B$30:O$30)) -> 6 | Y18: =SUMPRODUCT(--(B18:O18=B$29:O$29)) -> 8 | Z18: =SUMPRODUCT(--(B18:O18=B$28:O$28)) -> 4 | AA18: =SUMPRODUCT(--(B18:O18=B$27:O$27)) -> 3 | AB18: =SUMPRODUCT(--(B18:O18=B$26:O$26)) -> 7 | AC18: =SUMPRODUCT(--(B18:O18=B$25:O$25)) -> 7 | AD18: =SUMPRODUCT(--(B18:O18=B$24:O$24)) -> 5 | AE18: =SUMPRODUCT(--(B18:O18=B$23:O$23)) -> 5 | AF18: =SUMPRODUCT(--(B18:O18=B$22:O$22)) -> 5 | AG18: =SUMPRODUCT(--(B18:O18=B$21:O$21)) -> 7 | AH18: =SUMPRODUCT(--(B18:O18=B$20:O$20)) -> 5 | AI18: =SUMPRODUCT(--(B18:O18=B$19:O$19)) -> 3
A19: 18 | B19: ['1' | C19: '2' | D19: '2' | E19: 'X' | F19: '1' | G19: 'X' | H19: '1' | I19: '1' | J19: '1' | K19: '2' | L19: '2' | M19: '2' | N19: 'X' | O19: '2'] | P19: =COUNTIF(B19:O19,A$35)+COUNTIF(B19:O19,A$45)+COUNTIF(B19:O19,A$48) -> 5 | Q19: =COUNTIF(B19:O19,A$36)+COUNTIF(B19:O19,A$46)+COUNTIF(B19:O19,A$49) -> 3 | R19: =COUNTIF(B19:O19,A$37)+COUNTIF(B19:O19,A$47)+COUNTIF(B19:O19,A$50) -> 6 | S19: =SUM(P19:R19) -> 14 | T19: {=SUMPRODUCT(--(B19:O19=B$34:O$34))} -> 6 | U19: =SUMPRODUCT(--(B19:O19=B$33:O$33)) -> 7 | V19: =SUMPRODUCT(--(B19:O19=B$32:O$32)) -> 3 | W19: =SUMPRODUCT(--(B19:O19=B$31:O$31)) -> 6 | X19: =SUMPRODUCT(--(B19:O19=B$30:O$30)) -> 4 | Y19: =SUMPRODUCT(--(B19:O19=B$29:O$29)) -> 3 | Z19: =SUMPRODUCT(--(B19:O19=B$28:O$28)) -> 9 | AA19: =SUMPRODUCT(--(B19:O19=B$27:O$27)) -> 4 | AB19: =SUMPRODUCT(--(B19:O19=B$26:O$26)) -> 5 | AC19: =SUMPRODUCT(--(B19:O19=B$25:O$25)) -> 6 | AD19: =SUMPRODUCT(--(B19:O19=B$24:O$24)) -> 3 | AE19: =SUMPRODUCT(--(B19:O19=B$23:O$23)) -> 4 | AF19: =SUMPRODUCT(--(B19:O19=B$22:O$22)) -> 4 | AG19: =SUMPRODUCT(--(B19:O19=B$21:O$21)) -> 5 | AH19: =SUMPRODUCT(--(B19:O19=B$20:O$20)) -> 2
A20: 19 | B20: ['2' | C20: '1' | D20: '2' | E20: '1' | F20: '2' | G20: '2' | H20: 'X' | I20: '2' | J20: '2' | K20: '2' | L20: 'X' | M20: 'X' | N20: '1' | O20: '1'] | P20: =COUNTIF(B20:O20,A$35)+COUNTIF(B20:O20,A$45)+COUNTIF(B20:O20,A$48) -> 4 | Q20: =COUNTIF(B20:O20,A$36)+COUNTIF(B20:O20,A$46)+COUNTIF(B20:O20,A$49) -> 3 | R20: =COUNTIF(B20:O20,A$37)+COUNTIF(B20:O20,A$47)+COUNTIF(B20:O20,A$50) -> 7 | S20: =SUM(P20:R20) -> 14 | T20: {=SUMPRODUCT(--(B20:O20=B$34:O$34))} -> 6 | U20: =SUMPRODUCT(--(B20:O20=B$33:O$33)) -> 3 | V20: =SUMPRODUCT(--(B20:O20=B$32:O$32)) -> 8 | W20: =SUMPRODUCT(--(B20:O20=B$31:O$31)) -> 5 | X20: =SUMPRODUCT(--(B20:O20=B$30:O$30)) -> 8 | Y20: =SUMPRODUCT(--(B20:O20=B$29:O$29)) -> 3 | Z20: =SUMPRODUCT(--(B20:O20=B$28:O$28)) -> 2 | AA20: =SUMPRODUCT(--(B20:O20=B$27:O$27)) -> 5 | AB20: =SUMPRODUCT(--(B20:O20=B$26:O$26)) -> 7 | AC20: =SUMPRODUCT(--(B20:O20=B$25:O$25)) -> 4 | AD20: =SUMPRODUCT(--(B20:O20=B$24:O$24)) -> 5 | AE20: =SUMPRODUCT(--(B20:O20=B$23:O$23)) -> 4 | AF20: =SUMPRODUCT(--(B20:O20=B$22:O$22)) -> 6 | AG20: =SUMPRODUCT(--(B20:O20=B$21:O$21)) -> 3
A21: 20 | B21: ['1' | C21: 'X' | D21: '1' | E21: '2' | F21: '2' | G21: '1' | H21: '1' | I21: '1' | J21: '1' | K21: '1' | L21: '1' | M21: 'X' | N21: 'X' | O21: '1'] | P21: =COUNTIF(B21:O21,A$35)+COUNTIF(B21:O21,A$45)+COUNTIF(B21:O21,A$48) -> 9 | Q21: =COUNTIF(B21:O21,A$36)+COUNTIF(B21:O21,A$46)+COUNTIF(B21:O21,A$49) -> 3 | R21: =COUNTIF(B21:O21,A$37)+COUNTIF(B21:O21,A$47)+COUNTIF(B21:O21,A$50) -> 2 | S21: =SUM(P21:R21) -> 14 | T21: {=SUMPRODUCT(--(B21:O21=B$34:O$34))} -> 7 | U21: =SUMPRODUCT(--(B21:O21=B$33:O$33)) -> 5 | V21: =SUMPRODUCT(--(B21:O21=B$32:O$32)) -> 4 | W21: =SUMPRODUCT(--(B21:O21=B$31:O$31)) -> 2 | X21: =SUMPRODUCT(--(B21:O21=B$30:O$30)) -> 7 | Y21: =SUMPRODUCT(--(B21:O21=B$29:O$29)) -> 7 | Z21: =SUMPRODUCT(--(B21:O21=B$28:O$28)) -> 4 | AA21: =SUMPRODUCT(--(B21:O21=B$27:O$27)) -> 5 | AB21: =SUMPRODUCT(--(B21:O21=B$26:O$26)) -> 5 | AC21: =SUMPRODUCT(--(B21:O21=B$25:O$25)) -> 4 | AD21: =SUMPRODUCT(--(B21:O21=B$24:O$24)) -> 3 | AE21: =SUMPRODUCT(--(B21:O21=B$23:O$23)) -> 6 | AF21: =SUMPRODUCT(--(B21:O21=B$22:O$22)) -> 5
A22: 21 | B22: ['X' | C22: '1' | D22: '2' | E22: '1' | F22: 'X' | G22: '1' | H22: '2' | I22: '1' | J22: '2' | K22: '1' | L22: 'X' | M22: '2' | N22: 'X' | O22: '1'] | P22: =COUNTIF(B22:O22,A$35)+COUNTIF(B22:O22,A$45)+COUNTIF(B22:O22,A$48) -> 6 | Q22: =COUNTIF(B22:O22,A$36)+COUNTIF(B22:O22,A$46)+COUNTIF(B22:O22,A$49) -> 4 | R22: =COUNTIF(B22:O22,A$37)+COUNTIF(B22:O22,A$47)+COUNTIF(B22:O22,A$50) -> 4 | S22: =SUM(P22:R22) -> 14 | T22: {=SUMPRODUCT(--(B22:O22=B$34:O$34))} -> 7 | U22: =SUMPRODUCT(--(B22:O22=B$33:O$33)) -> 7 | V22: =SUMPRODUCT(--(B22:O22=B$32:O$32)) -> 5 | W22: =SUMPRODUCT(--(B22:O22=B$31:O$31)) -> 5 | X22: =SUMPRODUCT(--(B22:O22=B$30:O$30)) -> 6 | Y22: =SUMPRODUCT(--(B22:O22=B$29:O$29)) -> 6 | Z22: =SUMPRODUCT(--(B22:O22=B$28:O$28)) -> 3 | AA22: =SUMPRODUCT(--(B22:O22=B$27:O$27)) -> 4 | AB22: =SUMPRODUCT(--(B22:O22=B$26:O$26)) -> 5 | AC22: =SUMPRODUCT(--(B22:O22=B$25:O$25)) -> 4 | AD22: =SUMPRODUCT(--(B22:O22=B$24:O$24)) -> 7 | AE22: =SUMPRODUCT(--(B22:O22=B$23:O$23)) -> 1
A23: 22 | B23: ['1' | C23: '1' | D23: 'X' | E23: '2' | F23: '1' | G23: '2' | H23: '1' | I23: 'X' | J23: '1' | K23: 'X' | L23: '1' | M23: 'X' | N23: '1' | O23: 'X'] | P23: =COUNTIF(B23:O23,A$35)+COUNTIF(B23:O23,A$45)+COUNTIF(B23:O23,A$48) -> 7 | Q23: =COUNTIF(B23:O23,A$36)+COUNTIF(B23:O23,A$46)+COUNTIF(B23:O23,A$49) -> 5 | R23: =COUNTIF(B23:O23,A$37)+COUNTIF(B23:O23,A$47)+COUNTIF(B23:O23,A$50) -> 2 | S23: =SUM(P23:R23) -> 14 | T23: {=SUMPRODUCT(--(B23:O23=B$34:O$34))} -> 7 | U23: =SUMPRODUCT(--(B23:O23=B$33:O$33)) -> 4 | V23: =SUMPRODUCT(--(B23:O23=B$32:O$32)) -> 6 | W23: =SUMPRODUCT(--(B23:O23=B$31:O$31)) -> 3 | X23: =SUMPRODUCT(--(B23:O23=B$30:O$30)) -> 7 | Y23: =SUMPRODUCT(--(B23:O23=B$29:O$29)) -> 3 | Z23: =SUMPRODUCT(--(B23:O23=B$28:O$28)) -> 8 | AA23: =SUMPRODUCT(--(B23:O23=B$27:O$27)) -> 6 | AB23: =SUMPRODUCT(--(B23:O23=B$26:O$26)) -> 2 | AC23: =SUMPRODUCT(--(B23:O23=B$25:O$25)) -> 5 | AD23: =SUMPRODUCT(--(B23:O23=B$24:O$24)) -> 5
A24: 23 | B24: ['2' | C24: '1' | D24: 'X' | E24: '1' | F24: 'X' | G24: '1' | H24: '2' | I24: '2' | J24: '1' | K24: '1' | L24: '2' | M24: '2' | N24: '1' | O24: 'X'] | P24: =COUNTIF(B24:O24,A$35)+COUNTIF(B24:O24,A$45)+COUNTIF(B24:O24,A$48) -> 6 | Q24: =COUNTIF(B24:O24,A$36)+COUNTIF(B24:O24,A$46)+COUNTIF(B24:O24,A$49) -> 3 | R24: =COUNTIF(B24:O24,A$37)+COUNTIF(B24:O24,A$47)+COUNTIF(B24:O24,A$50) -> 5 | S24: =SUM(P24:R24) -> 14 | T24: {=SUMPRODUCT(--(B24:O24=B$34:O$34))} -> 8 | U24: =SUMPRODUCT(--(B24:O24=B$33:O$33)) -> 7 | V24: =SUMPRODUCT(--(B24:O24=B$32:O$32)) -> 3 | W24: =SUMPRODUCT(--(B24:O24=B$31:O$31)) -> 5 | X24: =SUMPRODUCT(--(B24:O24=B$30:O$30)) -> 6 | Y24: =SUMPRODUCT(--(B24:O24=B$29:O$29)) -> 6 | Z24: =SUMPRODUCT(--(B24:O24=B$28:O$28)) -> 6 | AA24: =SUMPRODUCT(--(B24:O24=B$27:O$27)) -> 3 | AB24: =SUMPRODUCT(--(B24:O24=B$26:O$26)) -> 4 | AC24: =SUMPRODUCT(--(B24:O24=B$25:O$25)) -> 3
A25: 24 | B25: ['X' | C25: 'X' | D25: '2' | E25: 'X' | F25: '1' | G25: 'X' | H25: '1' | I25: '2' | J25: 'X' | K25: 'X' | L25: '1' | M25: '2' | N25: '1' | O25: '1'] | P25: =COUNTIF(B25:O25,A$35)+COUNTIF(B25:O25,A$45)+COUNTIF(B25:O25,A$48) -> 5 | Q25: =COUNTIF(B25:O25,A$36)+COUNTIF(B25:O25,A$46)+COUNTIF(B25:O25,A$49) -> 6 | R25: =COUNTIF(B25:O25,A$37)+COUNTIF(B25:O25,A$47)+COUNTIF(B25:O25,A$50) -> 3 | S25: =SUM(P25:R25) -> 14 | T25: {=SUMPRODUCT(--(B25:O25=B$34:O$34))} -> 8 | U25: =SUMPRODUCT(--(B25:O25=B$33:O$33)) -> 5 | V25: =SUMPRODUCT(--(B25:O25=B$32:O$32)) -> 4 | W25: =SUMPRODUCT(--(B25:O25=B$31:O$31)) -> 10 | X25: =SUMPRODUCT(--(B25:O25=B$30:O$30)) -> 3 | Y25: =SUMPRODUCT(--(B25:O25=B$29:O$29)) -> 5 | Z25: =SUMPRODUCT(--(B25:O25=B$28:O$28)) -> 7 | AA25: =SUMPRODUCT(--(B25:O25=B$27:O$27)) -> 3 | AB25: =SUMPRODUCT(--(B25:O25=B$26:O$26)) -> 5
A26: 25 | B26: ['1' | C26: 'X' | D26: '2' | E26: '1' | F26: '2' | G26: '1' | H26: 'X' | I26: '2' | J26: '2' | K26: '2' | L26: '1' | M26: '2' | N26: '2' | O26: '2'] | P26: =COUNTIF(B26:O26,A$35)+COUNTIF(B26:O26,A$45)+COUNTIF(B26:O26,A$48) -> 4 | Q26: =COUNTIF(B26:O26,A$36)+COUNTIF(B26:O26,A$46)+COUNTIF(B26:O26,A$49) -> 2 | R26: =COUNTIF(B26:O26,A$37)+COUNTIF(B26:O26,A$47)+COUNTIF(B26:O26,A$50) -> 8 | S26: =SUM(P26:R26) -> 14 | T26: {=SUMPRODUCT(--(B26:O26=B$34:O$34))} -> 7 | U26: =SUMPRODUCT(--(B26:O26=B$33:O$33)) -> 5 | V26: =SUMPRODUCT(--(B26:O26=B$32:O$32)) -> 7 | W26: =SUMPRODUCT(--(B26:O26=B$31:O$31)) -> 8 | X26: =SUMPRODUCT(--(B26:O26=B$30:O$30)) -> 4 | Y26: =SUMPRODUCT(--(B26:O26=B$29:O$29)) -> 5 | Z26: =SUMPRODUCT(--(B26:O26=B$28:O$28)) -> 4 | AA26: =SUMPRODUCT(--(B26:O26=B$27:O$27)) -> 3
A27: 26 | B27: ['1' | C27: '1' | D27: '1' | E27: 'X' | F27: '1' | G27: '2' | H27: 'X' | I27: 'X' | J27: '1' | K27: '1' | L27: 'X' | M27: '1' | N27: '2' | O27: '1'] | P27: =COUNTIF(B27:O27,A$35)+COUNTIF(B27:O27,A$45)+COUNTIF(B27:O27,A$48) -> 8 | Q27: =COUNTIF(B27:O27,A$36)+COUNTIF(B27:O27,A$46)+COUNTIF(B27:O27,A$49) -> 4 | R27: =COUNTIF(B27:O27,A$37)+COUNTIF(B27:O27,A$47)+COUNTIF(B27:O27,A$50) -> 2 | S27: =SUM(P27:R27) -> 14 | T27: {=SUMPRODUCT(--(B27:O27=B$34:O$34))} -> 6 | U27: =SUMPRODUCT(--(B27:O27=B$33:O$33)) -> 4 | V27: =SUMPRODUCT(--(B27:O27=B$32:O$32)) -> 7 | W27: =SUMPRODUCT(--(B27:O27=B$31:O$31)) -> 1 | X27: =SUMPRODUCT(--(B27:O27=B$30:O$30)) -> 5 | Y27: =SUMPRODUCT(--(B27:O27=B$29:O$29)) -> 6 | Z27: =SUMPRODUCT(--(B27:O27=B$28:O$28)) -> 5
A28: 27 | B28: ['1' | C28: '2' | D28: '2' | E28: 'X' | F28: '1' | G28: '1' | H28: '1' | I28: 'X' | J28: '1' | K28: 'X' | L28: '2' | M28: '2' | N28: '1' | O28: 'X'] | P28: =COUNTIF(B28:O28,A$35)+COUNTIF(B28:O28,A$45)+COUNTIF(B28:O28,A$48) -> 6 | Q28: =COUNTIF(B28:O28,A$36)+COUNTIF(B28:O28,A$46)+COUNTIF(B28:O28,A$49) -> 4 | R28: =COUNTIF(B28:O28,A$37)+COUNTIF(B28:O28,A$47)+COUNTIF(B28:O28,A$50) -> 4 | S28: =SUM(P28:R28) -> 14 | T28: {=SUMPRODUCT(--(B28:O28=B$34:O$34))} -> 8 | U28: =SUMPRODUCT(--(B28:O28=B$33:O$33)) -> 6 | V28: =SUMPRODUCT(--(B28:O28=B$32:O$32)) -> 3 | W28: =SUMPRODUCT(--(B28:O28=B$31:O$31)) -> 4 | X28: =SUMPRODUCT(--(B28:O28=B$30:O$30)) -> 4 | Y28: =SUMPRODUCT(--(B28:O28=B$29:O$29)) -> 4
A29: 28 | B29: ['X' | C29: '2' | D29: '1' | E29: '1' | F29: 'X' | G29: '1' | H29: '1' | I29: '2' | J29: '1' | K29: '1' | L29: '1' | M29: '1' | N29: '2' | O29: '1'] | P29: =COUNTIF(B29:O29,A$35)+COUNTIF(B29:O29,A$45)+COUNTIF(B29:O29,A$48) -> 9 | Q29: =COUNTIF(B29:O29,A$36)+COUNTIF(B29:O29,A$46)+COUNTIF(B29:O29,A$49) -> 2 | R29: =COUNTIF(B29:O29,A$37)+COUNTIF(B29:O29,A$47)+COUNTIF(B29:O29,A$50) -> 3 | S29: =SUM(P29:R29) -> 14 | T29: {=SUMPRODUCT(--(B29:O29=B$34:O$34))} -> 8 | U29: =SUMPRODUCT(--(B29:O29=B$33:O$33)) -> 8 | V29: =SUMPRODUCT(--(B29:O29=B$32:O$32)) -> 5 | W29: =SUMPRODUCT(--(B29:O29=B$31:O$31)) -> 4 | X29: =SUMPRODUCT(--(B29:O29=B$30:O$30)) -> 4
A30: 29 | B30: ['1' | C30: '1' | D30: 'X' | E30: '1' | F30: '2' | G30: '2' | H30: '1' | I30: '1' | J30: '2' | K30: '1' | L30: '2' | M30: 'X' | N30: '1' | O30: '1'] | P30: =COUNTIF(B30:O30,A$35)+COUNTIF(B30:O30,A$45)+COUNTIF(B30:O30,A$48) -> 8 | Q30: =COUNTIF(B30:O30,A$36)+COUNTIF(B30:O30,A$46)+COUNTIF(B30:O30,A$49) -> 2 | R30: =COUNTIF(B30:O30,A$37)+COUNTIF(B30:O30,A$47)+COUNTIF(B30:O30,A$50) -> 4 | S30: =SUM(P30:R30) -> 14 | T30: {=SUMPRODUCT(--(B30:O30=B$34:O$34))} -> 7 | U30: =SUMPRODUCT(--(B30:O30=B$33:O$33)) -> 4 | V30: =SUMPRODUCT(--(B30:O30=B$32:O$32)) -> 6 | W30: =SUMPRODUCT(--(B30:O30=B$31:O$31)) -> 2
A31: 30 | B31: ['X' | C31: 'X' | D31: '2' | E31: '1' | F31: '1' | G31: 'X' | H31: '2' | I31: '2' | J31: 'X' | K31: '2' | L31: '1' | M31: '2' | N31: '1' | O31: '2'] | P31: =COUNTIF(B31:O31,A$35)+COUNTIF(B31:O31,A$45)+COUNTIF(B31:O31,A$48) -> 4 | Q31: =COUNTIF(B31:O31,A$36)+COUNTIF(B31:O31,A$46)+COUNTIF(B31:O31,A$49) -> 4 | R31: =COUNTIF(B31:O31,A$37)+COUNTIF(B31:O31,A$47)+COUNTIF(B31:O31,A$50) -> 6 | S31: =SUM(P31:R31) -> 14 | T31: {=SUMPRODUCT(--(B31:O31=B$34:O$34))} -> 7 | U31: =SUMPRODUCT(--(B31:O31=B$33:O$33)) -> 6 | V31: =SUMPRODUCT(--(B31:O31=B$32:O$32)) -> 5
A32: 31 | B32: ['1' | C32: '1' | D32: '2' | E32: '1' | F32: 'X' | G32: '2' | H32: 'X' | I32: 'X' | J32: 'X' | K32: '2' | L32: '1' | M32: 'X' | N32: '2' | O32: '1'] | P32: =COUNTIF(B32:O32,A$35)+COUNTIF(B32:O32,A$45)+COUNTIF(B32:O32,A$48) -> 5 | Q32: =COUNTIF(B32:O32,A$36)+COUNTIF(B32:O32,A$46)+COUNTIF(B32:O32,A$49) -> 5 | R32: =COUNTIF(B32:O32,A$37)+COUNTIF(B32:O32,A$47)+COUNTIF(B32:O32,A$50) -> 4 | S32: =SUM(P32:R32) -> 14 | T32: {=SUMPRODUCT(--(B32:O32=B$34:O$34))} -> 6 | U32: =SUMPRODUCT(--(B32:O32=B$33:O$33)) -> 1
A33: 32 | B33: ['X' | C33: '2' | D33: 'X' | E33: '1' | F33: '1' | G33: '1' | H33: '1' | I33: '2' | J33: '1' | K33: '1' | L33: 'X' | M33: '2' | N33: 'X' | O33: '2'] | P33: =COUNTIF(B33:O33,A$35)+COUNTIF(B33:O33,A$45)+COUNTIF(B33:O33,A$48) -> 6 | Q33: =COUNTIF(B33:O33,A$36)+COUNTIF(B33:O33,A$46)+COUNTIF(B33:O33,A$49) -> 4 | R33: =COUNTIF(B33:O33,A$37)+COUNTIF(B33:O33,A$47)+COUNTIF(B33:O33,A$50) -> 4 | S33: =SUM(P33:R33) -> 14 | T33: {=SUMPRODUCT(--(B33:O33=B$34:O$34))} -> 8
A34: B | B34: ['1' | C34: '1' | D34: '2' | E34: '1' | F34: '1' | G34: '1' | H34: '1' | I34: '2' | J34: '1' | K34: '1' | L34: '1' | M34: '2' | N34: '1' | O34: '1']
A35: '1' | B35: =COUNTIF(B2:B33,$A45) -> 16 | C35: =COUNTIF(C2:C33,$A35) -> 15 | D35: =COUNTIF(D2:D33,$A35) -> 7 | E35: =COUNTIF(E2:E33,$A35) -> 18 | F35: =COUNTIF(F2:F33,$A35) -> 16 | G35: =COUNTIF(G2:G33,$A35) -> 16 | H35: =COUNTIF(H2:H33,$A35) -> 16 | I35: =COUNTIF(I2:I33,$A35) -> 8 | J35: =COUNTIF(J2:J33,$A35) -> 16 | ... N35: =COUNTIF(N2:N33,$A35) -> 16 | O35: =COUNTIF(O2:O33,$A48) -> 16 | U35: =SUM(U2:U33) -> 167 | V35: =SUM(V2:V33) -> 147 | W35: =SUM(W2:W33) -> 147 | X35: =SUM(X2:X33) -> 146 | Y35: =SUM(Y2:Y33) -> 143 | Z35: =SUM(Z2:Z33) -> 140 | AA35: =SUM(AA2:AA33) -> 117 | AB35: =SUM(AB2:AB33) -> 127 | ... AY35: =SUM(AY2:AY33) -> 2 | AZ35: =SUM(U35:AY35) -> 2492
A36: 'X' | B36: =COUNTIF(B2:B33,$A46) -> 10 | C36: =COUNTIF(C2:C33,$A36) -> 9 | D36: =COUNTIF(D2:D33,$A36) -> 9 | E36: =COUNTIF(E2:E33,$A36) -> 8 | F36: =COUNTIF(F2:F33,$A36) -> 7 | G36: =COUNTIF(G2:G33,$A36) -> 9 | H36: =COUNTIF(H2:H33,$A36) -> 10 | I36: =COUNTIF(I2:I33,$A36) -> 8 | J36: =COUNTIF(J2:J33,$A36) -> 7 | ... N36: =COUNTIF(N2:N33,$A36) -> 7 | O36: =COUNTIF(O2:O33,$A49) -> 7
A37: '2' | B37: =COUNTIF(B2:B33,$A47) -> 6 | C37: =COUNTIF(C2:C33,$A37) -> 8 | D37: =COUNTIF(D2:D33,$A37) -> 16 | E37: =COUNTIF(E2:E33,$A37) -> 6 | F37: =COUNTIF(F2:F33,$A37) -> 9 | G37: =COUNTIF(G2:G33,$A37) -> 7 | H37: =COUNTIF(H2:H33,$A37) -> 6 | I37: =COUNTIF(I2:I33,$A37) -> 16 | J37: =COUNTIF(J2:J33,$A37) -> 9 | ... N37: =COUNTIF(N2:N33,$A37) -> 9 | O37: =COUNTIF(O2:O33,$A50) -> 9 | Q37: 91pares | R37: =SUM(R38:R53) -> 91 | T37: Comprobar B
B38: =SUM(B35:B37) -> 32 | C38: =SUM(C35:C37) -> 32 | D38: =SUM(D35:D37) -> 32 | E38: =SUM(E35:E37) -> 32 | F38: =SUM(F35:F37) -> 32 | G38: =SUM(G35:G37) -> 32 | H38: =SUM(H35:H37) -> 32 | I38: =SUM(I35:I37) -> 32 | ... O38: =SUM(O35:O37) -> 32 | Q38: 0 | R38: =COUNTIFS(C$87:O$99,Q38) -> 0 | T38: =COUNTIF(T$2:T$33,Q38) -> 0
A39: N1 | B39: 18 | C39: 3 | D39: 8 | E39: 11 | F39: 5 | G39: 24 | H39: 14 | I39: 18 | J39: 3 | K39: 3 | L39: 19 | M39: 7 | N39: 8 | O39: 3 | Q39: 1 | R39: =COUNTIFS(C$87:O$99,Q39) -> 0 | T39: =COUNTIF(T$2:T$33,Q39) -> 0 | U39: 1 | V39: 2 | W39: 3 | X39: 4 | Y39: 5 | Z39: 6 | AA39: 7 | AB39: 8 | AC39: 9 | AD39: 10 | AE39: 11 | AF39: 12 | AG39: 13 | AH39: 14
A40: NX | B40: 8 | C40: 3 | D40: 7 | E40: 12 | F40: 7 | G40: 5 | H40: 10 | I40: 8 | J40: 4 | K40: 4 | L40: 8 | M40: 8 | N40: 11 | O40: 3 | Q40: 2 | R40: =COUNTIFS(C$87:O$99,Q40) -> 0 | T40: =COUNTIF(T$2:T$33,Q40) -> 0
A41: N2 | B41: 6 | C41: 26 | D41: 17 | E41: 9 | F41: 20 | G41: 3 | H41: 8 | I41: 6 | J41: 25 | K41: 25 | L41: 5 | M41: 17 | N41: 13 | O41: 26 | Q41: 3 | R41: =COUNTIFS(C$87:O$99,Q41) -> 0 | T41: =COUNTIF(T$2:T$33,Q41) -> 0
B42: =B35-B39 -> -2 | C42: =C35-C39 -> 12 | D42: =D35-D39 -> -1 | E42: =E35-E39 -> 7 | F42: =F35-F39 -> 11 | G42: =G35-G39 -> -8 | H42: =H35-H39 -> 2 | I42: =I35-I39 -> -10 | ... O42: =O35-O39 -> 13 | Q42: 4 | R42: =COUNTIFS(C$87:O$99,Q42) -> 0 | T42: =COUNTIF(T$2:T$33,Q42) -> 0
B43: =B36-B40 -> 2 | C43: =C36-C40 -> 6 | D43: =D36-D40 -> 2 | E43: =E36-E40 -> -4 | F43: =F36-F40 -> 0 | G43: =G36-G40 -> 4 | H43: =H36-H40 -> 0 | I43: =I36-I40 -> 0 | ... O43: =O36-O40 -> 4 | Q43: 5 | R43: =COUNTIFS(C$87:O$99,Q43) -> 8 | T43: =COUNTIF(T$2:T$33,Q43) -> 0
B44: =B37-B41 -> 0 | C44: =C37-C41 -> -18 | D44: =D37-D41 -> -1 | E44: =E37-E41 -> -3 | F44: =F37-F41 -> -11 | G44: =G37-G41 -> 4 | H44: =H37-H41 -> -2 | I44: =I37-I41 -> 10 | ... O44: =O37-O41 -> -17 | P44: =SUMIF(B42:O44,"<0") -> -122 | Q44: 6 | R44: =COUNTIFS(C$87:O$99,Q44) -> 19 | T44: =COUNTIF(T$2:T$33,Q44) -> 10
A45: ['1' | Q45: 7 | R45: =COUNTIFS(C$87:O$99,Q45) -> 24 | T45: =COUNTIF(T$2:T$33,Q45) -> 11
A46: ['X' | Q46: 8 | R46: =COUNTIFS(C$87:O$99,Q46) -> 18 | T46: =COUNTIF(T$2:T$33,Q46) -> 11
A47: ['2' | Q47: 9 | R47: =COUNTIFS(C$87:O$99,Q47) -> 12 | T47: =COUNTIF(T$2:T$33,Q47) -> 0
A48: '1'] | Q48: 10 | R48: =COUNTIFS(C$87:O$99,Q48) -> 8 | T48: =COUNTIF(T$2:T$33,Q48) -> 0
A49: 'X'] | Q49: 11 | R49: =COUNTIFS(C$87:O$99,Q49) -> 2 | T49: =COUNTIF(T$2:T$33,Q49) -> 0
A50: '2'] | Q50: 12 | R50: =COUNTIFS(C$87:O$99,Q50) -> 0 | T50: =COUNTIF(T$2:T$33,Q50) -> 0
B51: Posiciones distinta a la base | Q51: 13 | R51: =COUNTIFS(C$87:O$99,Q51) -> 0 | T51: =COUNTIF(T$2:T$33,Q51) -> 0
B52: 1 | C52: 2 | D52: 3 | E52: 4 | F52: 5 | G52: 6 | H52: 7 | I52: 8 | J52: 9 | K52: 10 | L52: 11 | M52: 12 | N52: 13 | O52: 14 | Q52: 14 | R52: =COUNTIFS(C$87:O$99,Q52) -> 0 | T52: =COUNTIF(T$2:T$33,Q52) -> 0
A53: 1 | B53: =IF(B2<>B$34,"X","") | C53: =IF(C2<>C$34,"X","") | D53: =IF(D2<>D$34,"X","") -> X | E53: =IF(E2<>E$34,"X","") | F53: =IF(F2<>F$34,"X","") | G53: =IF(G2<>G$34,"X","") -> X | H53: =IF(H2<>H$34,"X","") -> X | I53: =IF(I2<>I$34,"X","") | ... O53: =IF(O2<>O$34,"X","") -> X | Q53: 15 | R53: =COUNTIFS(C$87:O$99,Q53) -> 0
A54: 2 | B54: =IF(B3<>B$34,"X","") -> X | C54: =IF(C3<>C$34,"X","") -> X | D54: =IF(D3<>D$34,"X","") | E54: =IF(E3<>E$34,"X","") | F54: =IF(F3<>F$34,"X","") -> X | G54: =IF(G3<>G$34,"X","") | H54: =IF(H3<>H$34,"X","") | I54: =IF(I3<>I$34,"X","") -> X | ... O54: =IF(O3<>O$34,"X","") -> X
A55: 3 | B55: =IF(B4<>B$34,"X","") -> X | C55: =IF(C4<>C$34,"X","") | D55: =IF(D4<>D$34,"X","") | E55: =IF(E4<>E$34,"X","") -> X | F55: =IF(F4<>F$34,"X","") -> X | G55: =IF(G4<>G$34,"X","") -> X | H55: =IF(H4<>H$34,"X","") | I55: =IF(I4<>I$34,"X","") -> X | ... O55: =IF(O4<>O$34,"X","")
A56: 4 | B56: =IF(B5<>B$34,"X","") | C56: =IF(C5<>C$34,"X","") -> X | D56: =IF(D5<>D$34,"X","") -> X | E56: =IF(E5<>E$34,"X","") -> X | F56: =IF(F5<>F$34,"X","") | G56: =IF(G5<>G$34,"X","") | H56: =IF(H5<>H$34,"X","") -> X | I56: =IF(I5<>I$34,"X","") -> X | ... O56: =IF(O5<>O$34,"X","")
A57: 5 | B57: =IF(B6<>B$34,"X","") | C57: =IF(C6<>C$34,"X","") -> X | D57: =IF(D6<>D$34,"X","") -> X | E57: =IF(E6<>E$34,"X","") | F57: =IF(F6<>F$34,"X","") -> X | G57: =IF(G6<>G$34,"X","") | H57: =IF(H6<>H$34,"X","") | I57: =IF(I6<>I$34,"X","") | ... O57: =IF(O6<>O$34,"X","") -> X
A58: 6 | B58: =IF(B7<>B$34,"X","") -> X | C58: =IF(C7<>C$34,"X","") | D58: =IF(D7<>D$34,"X","") | E58: =IF(E7<>E$34,"X","") -> X | F58: =IF(F7<>F$34,"X","") | G58: =IF(G7<>G$34,"X","") -> X | H58: =IF(H7<>H$34,"X","") -> X | I58: =IF(I7<>I$34,"X","") | ... O58: =IF(O7<>O$34,"X","")
A59: 7 | B59: =IF(B8<>B$34,"X","") | C59: =IF(C8<>C$34,"X","") -> X | D59: =IF(D8<>D$34,"X","") | E59: =IF(E8<>E$34,"X","") -> X | F59: =IF(F8<>F$34,"X","") | G59: =IF(G8<>G$34,"X","") -> X | H59: =IF(H8<>H$34,"X","") | I59: =IF(I8<>I$34,"X","") -> X | ... O59: =IF(O8<>O$34,"X","")
A60: 8 | B60: =IF(B9<>B$34,"X","") -> X | C60: =IF(C9<>C$34,"X","") | D60: =IF(D9<>D$34,"X","") | E60: =IF(E9<>E$34,"X","") -> X | F60: =IF(F9<>F$34,"X","") -> X | G60: =IF(G9<>G$34,"X","") -> X | H60: =IF(H9<>H$34,"X","") -> X | I60: =IF(I9<>I$34,"X","") | ... O60: =IF(O9<>O$34,"X","") -> X
A61: 9 | B61: =IF(B10<>B$34,"X","") -> X | C61: =IF(C10<>C$34,"X","") | D61: =IF(D10<>D$34,"X","") -> X | E61: =IF(E10<>E$34,"X","") | F61: =IF(F10<>F$34,"X","") -> X | G61: =IF(G10<>G$34,"X","") | H61: =IF(H10<>H$34,"X","") | I61: =IF(I10<>I$34,"X","") -> X | ... O61: =IF(O10<>O$34,"X","")
A62: 10 | B62: =IF(B11<>B$34,"X","") -> X | C62: =IF(C11<>C$34,"X","") -> X | D62: =IF(D11<>D$34,"X","") -> X | E62: =IF(E11<>E$34,"X","") | F62: =IF(F11<>F$34,"X","") | G62: =IF(G11<>G$34,"X","") | H62: =IF(H11<>H$34,"X","") -> X | I62: =IF(I11<>I$34,"X","") -> X | ... O62: =IF(O11<>O$34,"X","") -> X
A63: 11 | B63: =IF(B12<>B$34,"X","") | C63: =IF(C12<>C$34,"X","") | D63: =IF(D12<>D$34,"X","") | E63: =IF(E12<>E$34,"X","") -> X | F63: =IF(F12<>F$34,"X","") -> X | G63: =IF(G12<>G$34,"X","") | H63: =IF(H12<>H$34,"X","") | I63: =IF(I12<>I$34,"X","") | ... O63: =IF(O12<>O$34,"X","") -> X
A64: 12 | B64: =IF(B13<>B$34,"X","") | C64: =IF(C13<>C$34,"X","") | D64: =IF(D13<>D$34,"X","") -> X | E64: =IF(E13<>E$34,"X","") | F64: =IF(F13<>F$34,"X","") | G64: =IF(G13<>G$34,"X","") -> X | H64: =IF(H13<>H$34,"X","") -> X | I64: =IF(I13<>I$34,"X","") | ... O64: =IF(O13<>O$34,"X","")
A65: 13 | B65: =IF(B14<>B$34,"X","") | C65: =IF(C14<>C$34,"X","") -> X | D65: =IF(D14<>D$34,"X","") | E65: =IF(E14<>E$34,"X","") | F65: =IF(F14<>F$34,"X","") -> X | G65: =IF(G14<>G$34,"X","") | H65: =IF(H14<>H$34,"X","") | I65: =IF(I14<>I$34,"X","") | ... O65: =IF(O14<>O$34,"X","")
... A84: 32 | B84: =IF(B33<>B$34,"X","") -> X | C84: =IF(C33<>C$34,"X","") -> X | D84: =IF(D33<>D$34,"X","") -> X | E84: =IF(E33<>E$34,"X","") | F84: =IF(F33<>F$34,"X","") | G84: =IF(G33<>G$34,"X","") | H84: =IF(H33<>H$34,"X","") | I84: =IF(I33<>I$34,"X","") | ... O84: =IF(O33<>O$34,"X","") -> X
B85: =COUNTIF(B53:B84,"X") -> 16 | C85: =COUNTIF(C53:C84,"X") -> 17 | D85: =COUNTIF(D53:D84,"X") -> 16 | E85: =COUNTIF(E53:E84,"X") -> 14 | F85: =COUNTIF(F53:F84,"X") -> 16 | G85: =COUNTIF(G53:G84,"X") -> 16 | H85: =COUNTIF(H53:H84,"X") -> 16 | I85: =COUNTIF(I53:I84,"X") -> 16 | ... O85: =COUNTIF(O53:O84,"X") -> 16
B86: Pares | C86: 2 | D86: 3 | E86: 4 | F86: 5 | G86: 6 | H86: 7 | I86: 8 | J86: 9 | K86: 10 | L86: 11 | M86: 12 | N86: 13 | O86: 14 | Q86: 0 | R86: =COUNTIFS(C$87:O$99,Q86) -> 0
B87: 1 con | C87: {=SUMPRODUCT(($B53:$B84=C53:C84)*($B53:$B84<>""))} -> 8 | D87: {=SUMPRODUCT((B$53:B$84=D$53:D$84)*(B$53:B$84<>""))} -> 7 | E87: {=SUMPRODUCT(($B53:$B84=E53:E84)*($B53:$B84<>""))} -> 6 | F87: {=SUMPRODUCT(($B53:$B84=F53:F84)*($B53:$B84<>""))} -> 9 | G87: {=SUMPRODUCT(($B53:$B84=G53:G84)*($B53:$B84<>""))} -> 7 | H87: {=SUMPRODUCT(($B53:$B84=H53:H84)*($B53:$B84<>""))} -> 9 | I87: {=SUMPRODUCT(($B53:$B84=I53:I84)*($B53:$B84<>""))} -> 7 | J87: {=SUMPRODUCT(($B53:$B84=J53:J84)*($B53:$B84<>""))} -> 11 | K87: {=SUMPRODUCT(($B53:$B84=K53:K84)*($B53:$B84<>""))} -> 6 | L87: {=SUMPRODUCT(($B53:$B84=L53:L84)*($B53:$B84<>""))} -> 7 | ... O87: {=SUMPRODUCT(($B53:$B84=O53:O84)*($B53:$B84<>""))} -> 8 | Q87: 1 | R87: =COUNTIFS(C$87:O$99,Q87) -> 0
B88: 2 con | D88: {=SUMPRODUCT(($C$53:$C$84=D$53:D$84)*($C$53:$C$84<>""))} -> 8 | E88: {=SUMPRODUCT(($C$53:$C$84=E$53:E$84)*($C$53:$C$84<>""))} -> 7 | F88: {=SUMPRODUCT(($C$53:$C$84=F$53:F$84)*($C$53:$C$84<>""))} -> 7 | G88: {=SUMPRODUCT(($C$53:$C$84=G$53:G$84)*($C$53:$C$84<>""))} -> 5 | H88: {=SUMPRODUCT(($C$53:$C$84=H$53:H$84)*($C$53:$C$84<>""))} -> 6 | I88: {=SUMPRODUCT(($C$53:$C$84=I$53:I$84)*($C$53:$C$84<>""))} -> 8 | J88: {=SUMPRODUCT(($C$53:$C$84=J$53:J$84)*($C$53:$C$84<>""))} -> 5 | K88: {=SUMPRODUCT(($C$53:$C$84=K$53:K$84)*($C$53:$C$84<>""))} -> 10 | ... O88: {=SUMPRODUCT(($C$53:$C$84=O$53:O$84)*($C$53:$C$84<>""))} -> 10 | Q88: 2 | R88: =COUNTIFS(C$87:O$99,Q88) -> 0
B89: 3 con | E89: {=SUMPRODUCT(($D$53:$D$84=E$53:E$84)*($D$53:$D$84<>""))} -> 5 | F89: {=SUMPRODUCT(($D$53:$D$84=F$53:F$84)*($D$53:$D$84<>""))} -> 6 | G89: {=SUMPRODUCT(($D$53:$D$84=G$53:G$84)*($D$53:$D$84<>""))} -> 7 | H89: {=SUMPRODUCT(($D$53:$D$84=H$53:H$84)*($D$53:$D$84<>""))} -> 8 | I89: {=SUMPRODUCT(($D$53:$D$84=I$53:I$84)*($D$53:$D$84<>""))} -> 8 | J89: {=SUMPRODUCT(($D$53:$D$84=J$53:J$84)*($D$53:$D$84<>""))} -> 5 | K89: {=SUMPRODUCT(($D$53:$D$84=K$53:K$84)*($D$53:$D$84<>""))} -> 5 | L89: {=SUMPRODUCT(($D$53:$D$84=L$53:L$84)*($D$53:$D$84<>""))} -> 8 | ... O89: {=SUMPRODUCT(($D$53:$D$84=O$53:O$84)*($D$53:$D$84<>""))} -> 9 | Q89: 3 | R89: =COUNTIFS(C$87:O$99,Q89) -> 0
B90: 4 con | F90: {=SUMPRODUCT(($E$53:$E$84=F$53:F$84)*($E$53:$E$84<>""))} -> 5 | G90: {=SUMPRODUCT(($E$53:$E$84=G$53:G$84)*($E$53:$E$84<>""))} -> 9 | H90: {=SUMPRODUCT(($E$53:$E$84=H$53:H$84)*($E$53:$E$84<>""))} -> 6 | I90: {=SUMPRODUCT(($E$53:$E$84=I$53:I$84)*($E$53:$E$84<>""))} -> 10 | J90: {=SUMPRODUCT(($E$53:$E$84=J$53:J$84)*($E$53:$E$84<>""))} -> 6 | K90: {=SUMPRODUCT(($E$53:$E$84=K$53:K$84)*($E$53:$E$84<>""))} -> 7 | L90: {=SUMPRODUCT(($E$53:$E$84=L$53:L$84)*($E$53:$E$84<>""))} -> 5 | M90: {=SUMPRODUCT(($E$53:$E$84=M$53:M$84)*($E$53:$E$84<>""))} -> 7 | ... O90: {=SUMPRODUCT(($E$53:$E$84=O$53:O$84)*($E$53:$E$84<>""))} -> 6 | Q90: 4 | R90: =COUNTIFS(C$87:O$99,Q90) -> 0
B91: 5 con | G91: {=SUMPRODUCT(($F$53:$F$84=G$53:G$84)*($F$53:$F$84<>""))} -> 5 | H91: {=SUMPRODUCT(($F$53:$F$84=H$53:H$84)*($F$53:$F$84<>""))} -> 7 | I91: {=SUMPRODUCT(($F$53:$F$84=I$53:I$84)*($F$53:$F$84<>""))} -> 8 | J91: {=SUMPRODUCT(($F$53:$F$84=J$53:J$84)*($F$53:$F$84<>""))} -> 10 | K91: {=SUMPRODUCT(($F$53:$F$84=K$53:K$84)*($F$53:$F$84<>""))} -> 6 | L91: {=SUMPRODUCT(($F$53:$F$84=L$53:L$84)*($F$53:$F$84<>""))} -> 9 | M91: {=SUMPRODUCT(($F$53:$F$84=M$53:M$84)*($F$53:$F$84<>""))} -> 9 | N91: {=SUMPRODUCT(($F$53:$F$84=N$53:N$84)*($F$53:$F$84<>""))} -> 8 | O91: {=SUMPRODUCT(($F$53:$F$84=O$53:O$84)*($F$53:$F$84<>""))} -> 6 | Q91: 5 | R91: =COUNTIFS(C$87:O$99,Q91) -> 8
B92: 6 con | H92: {=SUMPRODUCT(($G$53:$G$84=H$53:H$84)*($G$53:$G$84<>""))} -> 10 | I92: {=SUMPRODUCT(($G$53:$G$84=I$53:I$84)*($G$53:$G$84<>""))} -> 8 | J92: {=SUMPRODUCT(($G$53:$G$84=J$53:J$84)*($G$53:$G$84<>""))} -> 10 | K92: {=SUMPRODUCT(($G$53:$G$84=K$53:K$84)*($G$53:$G$84<>""))} -> 10 | L92: {=SUMPRODUCT(($G$53:$G$84=L$53:L$84)*($G$53:$G$84<>""))} -> 8 | M92: {=SUMPRODUCT(($G$53:$G$84=M$53:M$84)*($G$53:$G$84<>""))} -> 9 | N92: {=SUMPRODUCT(($G$53:$G$84=N$53:N$84)*($G$53:$G$84<>""))} -> 6 | O92: {=SUMPRODUCT(($G$53:$G$84=O$53:O$84)*($G$53:$G$84<>""))} -> 7 | Q92: 6 | R92: =COUNTIFS(C$87:O$99,Q92) -> 19
B93: 7 con | I93: {=SUMPRODUCT(($H$53:$H$84=I$53:I$84)*($H$53:$H$84<>""))} -> 7 | J93: {=SUMPRODUCT(($H$53:$H$84=J$53:J$84)*($H$53:$H$84<>""))} -> 9 | K93: {=SUMPRODUCT(($H$53:$H$84=K$53:K$84)*($H$53:$H$84<>""))} -> 9 | L93: {=SUMPRODUCT(($H$53:$H$84=L$53:L$84)*($H$53:$H$84<>""))} -> 6 | M93: {=SUMPRODUCT(($H$53:$H$84=M$53:M$84)*($H$53:$H$84<>""))} -> 8 | N93: {=SUMPRODUCT(($H$53:$H$84=N$53:N$84)*($H$53:$H$84<>""))} -> 8 | O93: {=SUMPRODUCT(($H$53:$H$84=O$53:O$84)*($H$53:$H$84<>""))} -> 8 | Q93: 7 | R93: =COUNTIFS(C$87:O$99,Q93) -> 24
B94: 8 con | J94: {=SUMPRODUCT(($I$53:$I$84=J$53:J$84)*($I$53:$I$84<>""))} -> 7 | K94: {=SUMPRODUCT(($I$53:$I$84=K$53:K$84)*($I$53:$I$84<>""))} -> 7 | L94: {=SUMPRODUCT(($I$53:$I$84=L$53:L$84)*($I$53:$I$84<>""))} -> 9 | M94: {=SUMPRODUCT(($I$53:$I$84=M$53:M$84)*($I$53:$I$84<>""))} -> 7 | N94: {=SUMPRODUCT(($I$53:$I$84=N$53:N$84)*($I$53:$I$84<>""))} -> 9 | O94: {=SUMPRODUCT(($I$53:$I$84=O$53:O$84)*($I$53:$I$84<>""))} -> 6 | Q94: 8 | R94: =COUNTIFS(C$87:O$99,Q94) -> 18
B95: 9 con | K95: {=SUMPRODUCT(($J$53:$J$84=K$53:K$84)*($J$53:$J$84<>""))} -> 7 | L95: {=SUMPRODUCT(($J$53:$J$84=L$53:L$84)*($J$53:$J$84<>""))} -> 7 | M95: {=SUMPRODUCT(($J$53:$J$84=M$53:M$84)*($J$53:$J$84<>""))} -> 8 | N95: {=SUMPRODUCT(($J$53:$J$84=N$53:N$84)*($J$53:$J$84<>""))} -> 6 | O95: {=SUMPRODUCT(($J$53:$J$84=O$53:O$84)*($J$53:$J$84<>""))} -> 7 | Q95: 9 | R95: =COUNTIFS(C$87:O$99,Q95) -> 12
B96: 10 con | L96: {=SUMPRODUCT(($K$53:$K$84=L$53:L$84)*($K$53:$K$84<>""))} -> 7 | M96: {=SUMPRODUCT(($K$53:$K$84=M$53:M$84)*($K$53:$K$84<>""))} -> 6 | N96: {=SUMPRODUCT(($K$53:$K$84=N$53:N$84)*($K$53:$K$84<>""))} -> 7 | O96: {=SUMPRODUCT(($K$53:$K$84=O$53:O$84)*($K$53:$K$84<>""))} -> 8 | Q96: 10 | R96: =COUNTIFS(C$87:O$99,Q96) -> 8
B97: 11 con | M97: {=SUMPRODUCT(($L$53:$L$84=M$53:M$84)*($L$53:$L$84<>""))} -> 6 | N97: {=SUMPRODUCT(($L$53:$L$84=N$53:N$84)*($L$53:$L$84<>""))} -> 8 | O97: {=SUMPRODUCT(($L$53:$L$84=O$53:O$84)*($L$53:$L$84<>""))} -> 7 | Q97: 11 | R97: =COUNTIFS(C$87:O$99,Q97) -> 2
